25/08/17 13:49:16 INFO SparkContext: Running Spark version 3.5.6
25/08/17 13:49:16 INFO SparkContext: OS info Linux, 5.15.0-151-generic, amd64
25/08/17 13:49:16 INFO SparkContext: Java version 11.0.28
25/08/17 13:49:16 INFO ResourceUtils: ==============================================================
25/08/17 13:49:16 INFO ResourceUtils: No custom resources configured for spark.driver.
25/08/17 13:49:16 INFO ResourceUtils: ==============================================================
25/08/17 13:49:16 INFO SparkContext: Submitted application: RapidsCacheAnalysisDemoScala
25/08/17 13:49:16 INFO ResourceProfile: Default ResourceProfile created, executor resources: Map(cores -> name: cores, amount: 1, script: , vendor: , memory -> name: memory, amount: 1024, script: , vendor: , offHeap -> name: offHeap, amount: 0, script: , vendor: ), task resources: Map(cpus -> name: cpus, amount: 1.0)
25/08/17 13:49:16 INFO ResourceProfile: Limiting resource is cpu
25/08/17 13:49:16 INFO ResourceProfileManager: Added ResourceProfile id: 0
25/08/17 13:49:16 INFO SecurityManager: Changing view acls to: root
25/08/17 13:49:16 INFO SecurityManager: Changing modify acls to: root
25/08/17 13:49:16 INFO SecurityManager: Changing view acls groups to: 
25/08/17 13:49:16 INFO SecurityManager: Changing modify acls groups to: 
25/08/17 13:49:16 INFO SecurityManager: SecurityManager: authentication disabled; ui acls disabled; users with view permissions: root; groups with view permissions: EMPTY; users with modify permissions: root; groups with modify permissions: EMPTY
25/08/17 13:49:16 INFO Utils: Successfully started service 'sparkDriver' on port 41295.
25/08/17 13:49:16 INFO SparkEnv: Registering MapOutputTracker
25/08/17 13:49:16 INFO SparkEnv: Registering BlockManagerMaster
25/08/17 13:49:16 INFO BlockManagerMasterEndpoint: Using org.apache.spark.storage.DefaultTopologyMapper for getting topology information
25/08/17 13:49:16 INFO BlockManagerMasterEndpoint: BlockManagerMasterEndpoint up
25/08/17 13:49:16 INFO SparkEnv: Registering BlockManagerMasterHeartbeat
25/08/17 13:49:16 INFO DiskBlockManager: Created local directory at /tmp/blockmgr-882678eb-8c7a-47ad-b581-3b327ac0bbda
25/08/17 13:49:16 INFO MemoryStore: MemoryStore started with capacity 434.4 MiB
25/08/17 13:49:16 INFO SparkEnv: Registering OutputCommitCoordinator
25/08/17 13:49:16 INFO log: Logging initialized @2427ms to org.sparkproject.jetty.util.log.Slf4jLog
25/08/17 13:49:16 INFO JettyUtils: Start Jetty 0.0.0.0:4040 for SparkUI
25/08/17 13:49:16 INFO Server: jetty-9.4.56.v20240826; built: 2024-08-26T17:15:05.868Z; git: ec6782ff5ead824dabdcf47fa98f90a4aedff401; jvm 11.0.28+6-post-Ubuntu-1ubuntu122.04.1
25/08/17 13:49:16 INFO Server: Started @2563ms
25/08/17 13:49:16 INFO AbstractConnector: Started ServerConnector@48a7d756{HTTP/1.1, (http/1.1)}{0.0.0.0:4040}
25/08/17 13:49:16 INFO Utils: Successfully started service 'SparkUI' on port 4040.
25/08/17 13:49:16 INFO ContextHandler: Started o.s.j.s.ServletContextHandler@2513a118{/,null,AVAILABLE,@Spark}
25/08/17 13:49:16 INFO SparkContext: Added JAR file:///root/spark_rapids_dev/source/rapids-4-spark_2.12-25.06.0.jar at spark://c471eff09fbd:41295/jars/rapids-4-spark_2.12-25.06.0.jar with timestamp 1755438556178
25/08/17 13:49:16 INFO SparkContext: Added JAR file:/root/spark_rapids_dev/data/parse-tree/RapidsCacheAnalysisDemo.jar at spark://c471eff09fbd:41295/jars/RapidsCacheAnalysisDemo.jar with timestamp 1755438556178
25/08/17 13:49:16 INFO SparkContext: Added file file:///root/spark_rapids_dev/data/parse-tree/log4j.properties at file:///root/spark_rapids_dev/data/parse-tree/log4j.properties with timestamp 1755438556178
25/08/17 13:49:16 INFO Utils: Copying /root/spark_rapids_dev/data/parse-tree/log4j.properties to /tmp/spark-e59e783f-18cc-4687-8194-8ccc30972fb1/userFiles-cece9adf-f039-4a5d-951a-114b34009f27/log4j.properties
25/08/17 13:49:17 INFO ShimLoader: Loading shim for Spark version: 3.5.6
25/08/17 13:49:17 INFO ShimLoader: Complete Spark build info: 3.5.6, https://github.com/apache/spark, HEAD, 303c18c74664f161b9b969ac343784c088b47593, 2025-05-23T06:34:26Z
25/08/17 13:49:17 INFO ShimLoader: Scala version: version 2.12.18
25/08/17 13:49:17 INFO ShimLoader: findURLClassLoader found a URLClassLoader org.apache.spark.util.MutableURLClassLoader@9a7a808
25/08/17 13:49:17 INFO ShimLoader: Updating spark classloader org.apache.spark.util.MutableURLClassLoader@9a7a808 with the URLs: jar:file:/root/spark_rapids_dev/source/rapids-4-spark_2.12-25.06.0.jar!/spark-shared/, jar:file:/root/spark_rapids_dev/source/rapids-4-spark_2.12-25.06.0.jar!/spark356/
25/08/17 13:49:17 INFO ShimLoader: Spark classLoader org.apache.spark.util.MutableURLClassLoader@9a7a808 updated successfully
25/08/17 13:49:17 INFO ShimLoader: Updating spark classloader org.apache.spark.util.MutableURLClassLoader@9a7a808 with the URLs: jar:file:/root/spark_rapids_dev/source/rapids-4-spark_2.12-25.06.0.jar!/spark-shared/, jar:file:/root/spark_rapids_dev/source/rapids-4-spark_2.12-25.06.0.jar!/spark356/
25/08/17 13:49:17 INFO ShimLoader: Spark classLoader org.apache.spark.util.MutableURLClassLoader@9a7a808 updated successfully
25/08/17 13:49:17 INFO RapidsPluginUtils: RAPIDS Accelerator build: Map(url -> https://github.com/NVIDIA/spark-rapids.git, branch -> HEAD, revision -> 95a592833a93b7e35e4c8ddbdc847f845ecdd021, version -> 25.06.0, date -> 2025-06-10T12:35:14Z, cudf_version -> 25.06.0, user -> root)
25/08/17 13:49:17 INFO RapidsPluginUtils: RAPIDS Accelerator JNI build: Map(url -> https://github.com/NVIDIA/spark-rapids-jni.git, branch -> HEAD, gpu_architectures -> 70;75;80;86;90, revision -> 0ec63098a60c28b73e0e5b06f84e6e4613c4e5d6, version -> 25.06.0, date -> 2025-06-09T05:50:19Z, user -> root)
25/08/17 13:49:17 INFO RapidsPluginUtils: cudf build: Map(url -> https://github.com/rapidsai/cudf.git, branch -> HEAD, gpu_architectures -> 70;75;80;86;90, revision -> 84c43507f0842bf91b1374b26b2275ce381dfdce, version -> 25.06.0, date -> 2025-06-09T05:50:16Z, user -> root)
25/08/17 13:49:17 INFO RapidsPluginUtils: RAPIDS Accelerator Private Map(url -> https://gitlab-master.nvidia.com/nvspark/spark-rapids-private.git, branch -> HEAD, revision -> 5f8d86f27df845b5dbacdf251ea28e0f61a118f1, version -> 25.06.1, date -> 2025-06-10T06:55:15Z, user -> root)
25/08/17 13:49:17 INFO DriverPluginContainer: Initialized driver component for plugin com.nvidia.spark.SQLPlugin.
25/08/17 13:49:17 INFO Executor: Starting executor ID driver on host c471eff09fbd
25/08/17 13:49:17 INFO Executor: OS info Linux, 5.15.0-151-generic, amd64
25/08/17 13:49:17 INFO Executor: Java version 11.0.28
25/08/17 13:49:17 INFO Executor: Starting executor with user classpath (userClassPathFirst = false): ''
25/08/17 13:49:17 INFO Executor: Created or updated repl class loader org.apache.spark.util.MutableURLClassLoader@58ae402b for default.
25/08/17 13:49:17 INFO Executor: Fetching file:///root/spark_rapids_dev/data/parse-tree/log4j.properties with timestamp 1755438556178
25/08/17 13:49:17 INFO Utils: /root/spark_rapids_dev/data/parse-tree/log4j.properties has been previously copied to /tmp/spark-e59e783f-18cc-4687-8194-8ccc30972fb1/userFiles-cece9adf-f039-4a5d-951a-114b34009f27/log4j.properties
25/08/17 13:49:17 INFO Executor: Fetching spark://c471eff09fbd:41295/jars/rapids-4-spark_2.12-25.06.0.jar with timestamp 1755438556178
25/08/17 13:49:17 INFO TransportClientFactory: Successfully created connection to c471eff09fbd/172.17.0.2:41295 after 40 ms (0 ms spent in bootstraps)
25/08/17 13:49:17 INFO Utils: Fetching spark://c471eff09fbd:41295/jars/rapids-4-spark_2.12-25.06.0.jar to /tmp/spark-e59e783f-18cc-4687-8194-8ccc30972fb1/userFiles-cece9adf-f039-4a5d-951a-114b34009f27/fetchFileTemp2926632936691546494.tmp
25/08/17 13:49:18 INFO Executor: Adding file:/tmp/spark-e59e783f-18cc-4687-8194-8ccc30972fb1/userFiles-cece9adf-f039-4a5d-951a-114b34009f27/rapids-4-spark_2.12-25.06.0.jar to class loader default
25/08/17 13:49:18 INFO Executor: Fetching spark://c471eff09fbd:41295/jars/RapidsCacheAnalysisDemo.jar with timestamp 1755438556178
25/08/17 13:49:18 INFO Utils: Fetching spark://c471eff09fbd:41295/jars/RapidsCacheAnalysisDemo.jar to /tmp/spark-e59e783f-18cc-4687-8194-8ccc30972fb1/userFiles-cece9adf-f039-4a5d-951a-114b34009f27/fetchFileTemp4716809185162885608.tmp
25/08/17 13:49:18 INFO Executor: Adding file:/tmp/spark-e59e783f-18cc-4687-8194-8ccc30972fb1/userFiles-cece9adf-f039-4a5d-951a-114b34009f27/RapidsCacheAnalysisDemo.jar to class loader default
25/08/17 13:49:18 INFO RapidsPluginUtils: Estimated number of cores is 64
25/08/17 13:49:25 INFO RapidsExecutorPlugin: Initializing memory from Executor Plugin
25/08/17 13:49:25 INFO GpuDeviceManager: Initializing RMM ASYNC pool size = 11604.03125 MB on gpuId 0
25/08/17 13:49:25 INFO GpuDeviceManager: Using per-thread default stream
25/08/17 13:49:25 INFO ShimDiskBlockManager: Created local directory at /tmp/blockmgr-bf5cfaf9-d72e-42b7-973c-85bbc97dd855
25/08/17 13:49:25 INFO SpillFramework: Initialized SpillFramework. Host spill store max size is: 1073741824 B.
25/08/17 13:49:25 INFO AwsStorageExecutorPlugin: Initializing S3 Plugin on the Executor driver
25/08/17 13:49:25 INFO ExecutorPluginContainer: Initialized executor component for plugin com.nvidia.spark.SQLPlugin.
25/08/17 13:49:26 INFO Utils: Successfully started service 'org.apache.spark.network.netty.NettyBlockTransferService' on port 36195.
25/08/17 13:49:26 INFO NettyBlockTransferService: Server created on c471eff09fbd:36195
25/08/17 13:49:26 INFO BlockManager: Using org.apache.spark.storage.RandomBlockReplicationPolicy for block replication policy
25/08/17 13:49:26 INFO BlockManagerMaster: Registering BlockManager BlockManagerId(driver, c471eff09fbd, 36195, None)
25/08/17 13:49:26 INFO BlockManagerMasterEndpoint: Registering block manager c471eff09fbd:36195 with 434.4 MiB RAM, BlockManagerId(driver, c471eff09fbd, 36195, None)
25/08/17 13:49:26 INFO BlockManagerMaster: Registered BlockManager BlockManagerId(driver, c471eff09fbd, 36195, None)
25/08/17 13:49:26 INFO BlockManager: Initialized BlockManager: BlockManagerId(driver, c471eff09fbd, 36195, None)
25/08/17 13:49:26 INFO ContextHandler: Stopped o.s.j.s.ServletContextHandler@2513a118{/,null,STOPPED,@Spark}
25/08/17 13:49:26 INFO ContextHandler: Started o.s.j.s.ServletContextHandler@dbed7fd{/jobs,null,AVAILABLE,@Spark}
25/08/17 13:49:26 INFO ContextHandler: Started o.s.j.s.ServletContextHandler@76c86567{/jobs/json,null,AVAILABLE,@Spark}
25/08/17 13:49:26 INFO ContextHandler: Started o.s.j.s.ServletContextHandler@34045582{/jobs/job,null,AVAILABLE,@Spark}
25/08/17 13:49:26 INFO ContextHandler: Started o.s.j.s.ServletContextHandler@1edccfd4{/jobs/job/json,null,AVAILABLE,@Spark}
25/08/17 13:49:26 INFO ContextHandler: Started o.s.j.s.ServletContextHandler@1efac5b9{/stages,null,AVAILABLE,@Spark}
25/08/17 13:49:26 INFO ContextHandler: Started o.s.j.s.ServletContextHandler@69796bd0{/stages/json,null,AVAILABLE,@Spark}
25/08/17 13:49:26 INFO ContextHandler: Started o.s.j.s.ServletContextHandler@10f405ff{/stages/stage,null,AVAILABLE,@Spark}
25/08/17 13:49:26 INFO ContextHandler: Started o.s.j.s.ServletContextHandler@1c98b4eb{/stages/stage/json,null,AVAILABLE,@Spark}
25/08/17 13:49:26 INFO ContextHandler: Started o.s.j.s.ServletContextHandler@756b2d90{/stages/pool,null,AVAILABLE,@Spark}
25/08/17 13:49:26 INFO ContextHandler: Started o.s.j.s.ServletContextHandler@6cc64028{/stages/pool/json,null,AVAILABLE,@Spark}
25/08/17 13:49:26 INFO ContextHandler: Started o.s.j.s.ServletContextHandler@5b1e88f{/storage,null,AVAILABLE,@Spark}
25/08/17 13:49:26 INFO ContextHandler: Started o.s.j.s.ServletContextHandler@6a1568d6{/storage/json,null,AVAILABLE,@Spark}
25/08/17 13:49:26 INFO ContextHandler: Started o.s.j.s.ServletContextHandler@1b37fbec{/storage/rdd,null,AVAILABLE,@Spark}
25/08/17 13:49:26 INFO ContextHandler: Started o.s.j.s.ServletContextHandler@bb3ecfe{/storage/rdd/json,null,AVAILABLE,@Spark}
25/08/17 13:49:26 INFO ContextHandler: Started o.s.j.s.ServletContextHandler@7a04f730{/environment,null,AVAILABLE,@Spark}
25/08/17 13:49:26 INFO ContextHandler: Started o.s.j.s.ServletContextHandler@2fd1ad8a{/environment/json,null,AVAILABLE,@Spark}
25/08/17 13:49:26 INFO ContextHandler: Started o.s.j.s.ServletContextHandler@689faf79{/executors,null,AVAILABLE,@Spark}
25/08/17 13:49:26 INFO ContextHandler: Started o.s.j.s.ServletContextHandler@7a31ca20{/executors/json,null,AVAILABLE,@Spark}
25/08/17 13:49:26 INFO ContextHandler: Started o.s.j.s.ServletContextHandler@21edd891{/executors/threadDump,null,AVAILABLE,@Spark}
25/08/17 13:49:26 INFO ContextHandler: Started o.s.j.s.ServletContextHandler@7971c2a9{/executors/threadDump/json,null,AVAILABLE,@Spark}
25/08/17 13:49:26 INFO ContextHandler: Started o.s.j.s.ServletContextHandler@60b5e80d{/executors/heapHistogram,null,AVAILABLE,@Spark}
25/08/17 13:49:26 INFO ContextHandler: Started o.s.j.s.ServletContextHandler@31aab981{/executors/heapHistogram/json,null,AVAILABLE,@Spark}
25/08/17 13:49:26 INFO ContextHandler: Started o.s.j.s.ServletContextHandler@4d518c66{/static,null,AVAILABLE,@Spark}
25/08/17 13:49:26 INFO ContextHandler: Started o.s.j.s.ServletContextHandler@20440c6c{/,null,AVAILABLE,@Spark}
25/08/17 13:49:26 INFO ContextHandler: Started o.s.j.s.ServletContextHandler@560271a1{/api,null,AVAILABLE,@Spark}
25/08/17 13:49:26 INFO ContextHandler: Started o.s.j.s.ServletContextHandler@2aa14ae6{/jobs/job/kill,null,AVAILABLE,@Spark}
25/08/17 13:49:26 INFO ContextHandler: Started o.s.j.s.ServletContextHandler@4168f3d9{/stages/stage/kill,null,AVAILABLE,@Spark}
25/08/17 13:49:26 INFO ContextHandler: Started o.s.j.s.ServletContextHandler@3313d477{/metrics/json,null,AVAILABLE,@Spark}
25/08/17 13:49:26 INFO SharedState: Setting hive.metastore.warehouse.dir ('null') to the value of spark.sql.warehouse.dir.
25/08/17 13:49:26 INFO SharedState: Warehouse path is 'file:/root/spark_rapids_dev/data/parse-tree/spark-warehouse'.
25/08/17 13:49:26 INFO ContextHandler: Started o.s.j.s.ServletContextHandler@43d76a92{/SQL,null,AVAILABLE,@Spark}
25/08/17 13:49:26 INFO ContextHandler: Started o.s.j.s.ServletContextHandler@350323a0{/SQL/json,null,AVAILABLE,@Spark}
25/08/17 13:49:26 INFO ContextHandler: Started o.s.j.s.ServletContextHandler@740b9a50{/SQL/execution,null,AVAILABLE,@Spark}
25/08/17 13:49:26 INFO ContextHandler: Started o.s.j.s.ServletContextHandler@5111de7c{/SQL/execution/json,null,AVAILABLE,@Spark}
25/08/17 13:49:26 INFO ContextHandler: Started o.s.j.s.ServletContextHandler@6075b369{/static/sql,null,AVAILABLE,@Spark}
25/08/17 13:49:27 INFO InMemoryFileIndex: It took 82 ms to list leaf files for 1 paths.
25/08/17 13:49:27 INFO SparkContext: Starting job: parquet at RapidsCacheAnalysisDemo.scala:31
25/08/17 13:49:27 INFO DAGScheduler: Got job 0 (parquet at RapidsCacheAnalysisDemo.scala:31) with 1 output partitions
25/08/17 13:49:27 INFO DAGScheduler: Final stage: ResultStage 0 (parquet at RapidsCacheAnalysisDemo.scala:31)
25/08/17 13:49:27 INFO DAGScheduler: Parents of final stage: List()
25/08/17 13:49:27 INFO DAGScheduler: Missing parents: List()
25/08/17 13:49:27 INFO DAGScheduler: Submitting ResultStage 0 (MapPartitionsRDD[1] at parquet at RapidsCacheAnalysisDemo.scala:31), which has no missing parents
25/08/17 13:49:27 INFO MemoryStore: Block broadcast_0 stored as values in memory (estimated size 105.4 KiB, free 434.3 MiB)
25/08/17 13:49:27 INFO MemoryStore: Block broadcast_0_piece0 stored as bytes in memory (estimated size 38.2 KiB, free 434.3 MiB)
25/08/17 13:49:27 INFO BlockManagerInfo: Added broadcast_0_piece0 in memory on c471eff09fbd:36195 (size: 38.2 KiB, free: 434.4 MiB)
25/08/17 13:49:27 INFO SparkContext: Created broadcast 0 from broadcast at DAGScheduler.scala:1611
25/08/17 13:49:27 INFO DAGScheduler: Submitting 1 missing tasks from ResultStage 0 (MapPartitionsRDD[1] at parquet at RapidsCacheAnalysisDemo.scala:31) (first 15 tasks are for partitions Vector(0))
25/08/17 13:49:27 INFO TaskSchedulerImpl: Adding task set 0.0 with 1 tasks resource profile 0
25/08/17 13:49:28 INFO TaskSetManager: Starting task 0.0 in stage 0.0 (TID 0) (c471eff09fbd, executor driver, partition 0, PROCESS_LOCAL, 9639 bytes) 
25/08/17 13:49:28 INFO Executor: Running task 0.0 in stage 0.0 (TID 0)
25/08/17 13:49:28 INFO SparkResourceAdaptor: startDedicatedTaskThread: threadId: 140418348168768, task id: 0
25/08/17 13:49:28 INFO Executor: Finished task 0.0 in stage 0.0 (TID 0). 1875 bytes result sent to driver
25/08/17 13:49:28 INFO TaskSetManager: Finished task 0.0 in stage 0.0 (TID 0) in 494 ms on c471eff09fbd (executor driver) (1/1)
25/08/17 13:49:28 INFO TaskSchedulerImpl: Removed TaskSet 0.0, whose tasks have all completed, from pool 
25/08/17 13:49:28 INFO DAGScheduler: ResultStage 0 (parquet at RapidsCacheAnalysisDemo.scala:31) finished in 0.692 s
25/08/17 13:49:28 INFO DAGScheduler: Job 0 is finished. Cancelling potential speculative or zombie tasks for this job
25/08/17 13:49:28 INFO TaskSchedulerImpl: Killing all running tasks in stage 0: Stage finished
25/08/17 13:49:28 INFO DAGScheduler: Job 0 finished: parquet at RapidsCacheAnalysisDemo.scala:31, took 0.756017 s
25/08/17 13:49:29 INFO BlockManagerInfo: Removed broadcast_0_piece0 on c471eff09fbd:36195 in memory (size: 38.2 KiB, free: 434.4 MiB)
25/08/17 13:49:29 INFO FileSourceStrategy: Pushed Filters: 
25/08/17 13:49:29 INFO FileSourceStrategy: Post-Scan Filters: 
25/08/17 13:49:30 INFO GpuOverrides: Plan conversion to the GPU took 78.41 ms
25/08/17 13:49:30 INFO GpuOverrides: GPU plan transition optimization took 17.62 ms
25/08/17 13:49:30 INFO GpuOverrides: Plan conversion to the GPU took 107.82 ms
25/08/17 13:49:30 INFO GpuOverrides: Plan conversion to the GPU took 5.21 ms
25/08/17 13:49:30 INFO GpuOverrides: Plan conversion to the GPU took 2.43 ms
25/08/17 13:49:30 INFO GpuOverrides: Plan conversion to the GPU took 3.26 ms
25/08/17 13:49:30 INFO GpuOverrides: GPU plan transition optimization took 0.18 ms
25/08/17 13:49:30 INFO GpuFileSourceScanExec: Planning scan with bin packing, max size: 5188625 bytes, open cost is considered as scanning 4194304 bytes.
25/08/17 13:49:30 INFO MemoryStore: Block broadcast_1 stored as values in memory (estimated size 202.3 KiB, free 434.2 MiB)
25/08/17 13:49:30 INFO MemoryStore: Block broadcast_1_piece0 stored as bytes in memory (estimated size 35.3 KiB, free 434.2 MiB)
25/08/17 13:49:30 INFO BlockManagerInfo: Added broadcast_1_piece0 in memory on c471eff09fbd:36195 (size: 35.3 KiB, free: 434.4 MiB)
25/08/17 13:49:30 INFO SparkContext: Created broadcast 1 from internalDoExecuteColumnar at GpuExec.scala:192
25/08/17 13:49:30 INFO DAGScheduler: Got job 1 (count at RapidsCacheAnalysisDemo.scala:34) with 64 output partitions
25/08/17 13:49:30 INFO DAGScheduler: Final stage: ResultStage 1 (count at RapidsCacheAnalysisDemo.scala:34)
25/08/17 13:49:30 INFO DAGScheduler: Parents of final stage: List()
25/08/17 13:49:30 INFO DAGScheduler: Missing parents: List()
25/08/17 13:49:30 INFO DAGScheduler: Submitting ResultStage 1 (GpuFileGpuScan parquet [id#0L,value1#1,value2#2,group_key#3] Batched: true, DataFilters: [], Format: Parquet, Location: InMemoryFileIndex[file:/root/spark_rapids_dev/data/parse-tree/local_profile_data.parquet], PartitionFilters: [], PushedFilters: [], ReadSchema: struct<id:bigint,value1:double,value2:double,group_key:int>
 MapPartitionsRDD[6] at count at RapidsCacheAnalysisDemo.scala:34), which has no missing parents
25/08/17 13:49:30 INFO MemoryStore: Block broadcast_2 stored as values in memory (estimated size 18.2 KiB, free 434.2 MiB)
25/08/17 13:49:30 INFO MemoryStore: Block broadcast_2_piece0 stored as bytes in memory (estimated size 9.2 KiB, free 434.1 MiB)
25/08/17 13:49:30 INFO BlockManagerInfo: Added broadcast_2_piece0 in memory on c471eff09fbd:36195 (size: 9.2 KiB, free: 434.4 MiB)
25/08/17 13:49:30 INFO SparkContext: Created broadcast 2 from broadcast at DAGScheduler.scala:1611
25/08/17 13:49:30 INFO DAGScheduler: Submitting 64 missing tasks from ResultStage 1 (GpuFileGpuScan parquet [id#0L,value1#1,value2#2,group_key#3] Batched: true, DataFilters: [], Format: Parquet, Location: InMemoryFileIndex[file:/root/spark_rapids_dev/data/parse-tree/local_profile_data.parquet], PartitionFilters: [], PushedFilters: [], ReadSchema: struct<id:bigint,value1:double,value2:double,group_key:int>
 MapPartitionsRDD[6] at count at RapidsCacheAnalysisDemo.scala:34) (first 15 tasks are for partitions Vector(0, 1, 2, 3, 4, 5, 6, 7, 8, 9, 10, 11, 12, 13, 14))
25/08/17 13:49:30 INFO TaskSchedulerImpl: Adding task set 1.0 with 64 tasks resource profile 0
25/08/17 13:49:30 INFO TaskSetManager: Starting task 0.0 in stage 1.0 (TID 1) (c471eff09fbd, executor driver, partition 0, PROCESS_LOCAL, 10415 bytes) 
25/08/17 13:49:30 INFO TaskSetManager: Starting task 1.0 in stage 1.0 (TID 2) (c471eff09fbd, executor driver, partition 1, PROCESS_LOCAL, 10415 bytes) 
25/08/17 13:49:30 INFO TaskSetManager: Starting task 2.0 in stage 1.0 (TID 3) (c471eff09fbd, executor driver, partition 2, PROCESS_LOCAL, 10415 bytes) 
25/08/17 13:49:30 INFO TaskSetManager: Starting task 3.0 in stage 1.0 (TID 4) (c471eff09fbd, executor driver, partition 3, PROCESS_LOCAL, 10415 bytes) 
25/08/17 13:49:30 INFO TaskSetManager: Starting task 4.0 in stage 1.0 (TID 5) (c471eff09fbd, executor driver, partition 4, PROCESS_LOCAL, 10415 bytes) 
25/08/17 13:49:30 INFO TaskSetManager: Starting task 5.0 in stage 1.0 (TID 6) (c471eff09fbd, executor driver, partition 5, PROCESS_LOCAL, 10415 bytes) 
25/08/17 13:49:30 INFO TaskSetManager: Starting task 6.0 in stage 1.0 (TID 7) (c471eff09fbd, executor driver, partition 6, PROCESS_LOCAL, 10415 bytes) 
25/08/17 13:49:30 INFO TaskSetManager: Starting task 7.0 in stage 1.0 (TID 8) (c471eff09fbd, executor driver, partition 7, PROCESS_LOCAL, 10415 bytes) 
25/08/17 13:49:30 INFO TaskSetManager: Starting task 8.0 in stage 1.0 (TID 9) (c471eff09fbd, executor driver, partition 8, PROCESS_LOCAL, 10415 bytes) 
25/08/17 13:49:30 INFO TaskSetManager: Starting task 9.0 in stage 1.0 (TID 10) (c471eff09fbd, executor driver, partition 9, PROCESS_LOCAL, 10415 bytes) 
25/08/17 13:49:30 INFO TaskSetManager: Starting task 10.0 in stage 1.0 (TID 11) (c471eff09fbd, executor driver, partition 10, PROCESS_LOCAL, 10415 bytes) 
25/08/17 13:49:30 INFO TaskSetManager: Starting task 11.0 in stage 1.0 (TID 12) (c471eff09fbd, executor driver, partition 11, PROCESS_LOCAL, 10415 bytes) 
25/08/17 13:49:30 INFO TaskSetManager: Starting task 12.0 in stage 1.0 (TID 13) (c471eff09fbd, executor driver, partition 12, PROCESS_LOCAL, 10415 bytes) 
25/08/17 13:49:30 INFO TaskSetManager: Starting task 13.0 in stage 1.0 (TID 14) (c471eff09fbd, executor driver, partition 13, PROCESS_LOCAL, 10415 bytes) 
25/08/17 13:49:30 INFO TaskSetManager: Starting task 14.0 in stage 1.0 (TID 15) (c471eff09fbd, executor driver, partition 14, PROCESS_LOCAL, 10415 bytes) 
25/08/17 13:49:30 INFO TaskSetManager: Starting task 15.0 in stage 1.0 (TID 16) (c471eff09fbd, executor driver, partition 15, PROCESS_LOCAL, 10415 bytes) 
25/08/17 13:49:30 INFO TaskSetManager: Starting task 16.0 in stage 1.0 (TID 17) (c471eff09fbd, executor driver, partition 16, PROCESS_LOCAL, 10415 bytes) 
25/08/17 13:49:30 INFO TaskSetManager: Starting task 17.0 in stage 1.0 (TID 18) (c471eff09fbd, executor driver, partition 17, PROCESS_LOCAL, 10415 bytes) 
25/08/17 13:49:30 INFO TaskSetManager: Starting task 18.0 in stage 1.0 (TID 19) (c471eff09fbd, executor driver, partition 18, PROCESS_LOCAL, 10415 bytes) 
25/08/17 13:49:30 INFO TaskSetManager: Starting task 19.0 in stage 1.0 (TID 20) (c471eff09fbd, executor driver, partition 19, PROCESS_LOCAL, 10415 bytes) 
25/08/17 13:49:30 INFO TaskSetManager: Starting task 20.0 in stage 1.0 (TID 21) (c471eff09fbd, executor driver, partition 20, PROCESS_LOCAL, 10415 bytes) 
25/08/17 13:49:30 INFO TaskSetManager: Starting task 21.0 in stage 1.0 (TID 22) (c471eff09fbd, executor driver, partition 21, PROCESS_LOCAL, 10415 bytes) 
25/08/17 13:49:30 INFO TaskSetManager: Starting task 22.0 in stage 1.0 (TID 23) (c471eff09fbd, executor driver, partition 22, PROCESS_LOCAL, 10415 bytes) 
25/08/17 13:49:30 INFO TaskSetManager: Starting task 23.0 in stage 1.0 (TID 24) (c471eff09fbd, executor driver, partition 23, PROCESS_LOCAL, 10415 bytes) 
25/08/17 13:49:30 INFO TaskSetManager: Starting task 24.0 in stage 1.0 (TID 25) (c471eff09fbd, executor driver, partition 24, PROCESS_LOCAL, 10415 bytes) 
25/08/17 13:49:30 INFO TaskSetManager: Starting task 25.0 in stage 1.0 (TID 26) (c471eff09fbd, executor driver, partition 25, PROCESS_LOCAL, 10415 bytes) 
25/08/17 13:49:30 INFO TaskSetManager: Starting task 26.0 in stage 1.0 (TID 27) (c471eff09fbd, executor driver, partition 26, PROCESS_LOCAL, 10415 bytes) 
25/08/17 13:49:30 INFO TaskSetManager: Starting task 27.0 in stage 1.0 (TID 28) (c471eff09fbd, executor driver, partition 27, PROCESS_LOCAL, 10415 bytes) 
25/08/17 13:49:30 INFO TaskSetManager: Starting task 28.0 in stage 1.0 (TID 29) (c471eff09fbd, executor driver, partition 28, PROCESS_LOCAL, 10415 bytes) 
25/08/17 13:49:30 INFO TaskSetManager: Starting task 29.0 in stage 1.0 (TID 30) (c471eff09fbd, executor driver, partition 29, PROCESS_LOCAL, 10415 bytes) 
25/08/17 13:49:30 INFO TaskSetManager: Starting task 30.0 in stage 1.0 (TID 31) (c471eff09fbd, executor driver, partition 30, PROCESS_LOCAL, 10415 bytes) 
25/08/17 13:49:30 INFO TaskSetManager: Starting task 31.0 in stage 1.0 (TID 32) (c471eff09fbd, executor driver, partition 31, PROCESS_LOCAL, 10415 bytes) 
25/08/17 13:49:30 INFO TaskSetManager: Starting task 32.0 in stage 1.0 (TID 33) (c471eff09fbd, executor driver, partition 32, PROCESS_LOCAL, 10415 bytes) 
25/08/17 13:49:30 INFO TaskSetManager: Starting task 33.0 in stage 1.0 (TID 34) (c471eff09fbd, executor driver, partition 33, PROCESS_LOCAL, 10415 bytes) 
25/08/17 13:49:30 INFO TaskSetManager: Starting task 34.0 in stage 1.0 (TID 35) (c471eff09fbd, executor driver, partition 34, PROCESS_LOCAL, 10415 bytes) 
25/08/17 13:49:30 INFO TaskSetManager: Starting task 35.0 in stage 1.0 (TID 36) (c471eff09fbd, executor driver, partition 35, PROCESS_LOCAL, 10415 bytes) 
25/08/17 13:49:30 INFO TaskSetManager: Starting task 36.0 in stage 1.0 (TID 37) (c471eff09fbd, executor driver, partition 36, PROCESS_LOCAL, 10415 bytes) 
25/08/17 13:49:30 INFO TaskSetManager: Starting task 37.0 in stage 1.0 (TID 38) (c471eff09fbd, executor driver, partition 37, PROCESS_LOCAL, 10415 bytes) 
25/08/17 13:49:30 INFO TaskSetManager: Starting task 38.0 in stage 1.0 (TID 39) (c471eff09fbd, executor driver, partition 38, PROCESS_LOCAL, 10415 bytes) 
25/08/17 13:49:30 INFO TaskSetManager: Starting task 39.0 in stage 1.0 (TID 40) (c471eff09fbd, executor driver, partition 39, PROCESS_LOCAL, 10415 bytes) 
25/08/17 13:49:30 INFO TaskSetManager: Starting task 40.0 in stage 1.0 (TID 41) (c471eff09fbd, executor driver, partition 40, PROCESS_LOCAL, 10415 bytes) 
25/08/17 13:49:30 INFO TaskSetManager: Starting task 41.0 in stage 1.0 (TID 42) (c471eff09fbd, executor driver, partition 41, PROCESS_LOCAL, 10415 bytes) 
25/08/17 13:49:30 INFO TaskSetManager: Starting task 42.0 in stage 1.0 (TID 43) (c471eff09fbd, executor driver, partition 42, PROCESS_LOCAL, 10415 bytes) 
25/08/17 13:49:30 INFO TaskSetManager: Starting task 43.0 in stage 1.0 (TID 44) (c471eff09fbd, executor driver, partition 43, PROCESS_LOCAL, 10415 bytes) 
25/08/17 13:49:30 INFO TaskSetManager: Starting task 44.0 in stage 1.0 (TID 45) (c471eff09fbd, executor driver, partition 44, PROCESS_LOCAL, 10415 bytes) 
25/08/17 13:49:30 INFO TaskSetManager: Starting task 45.0 in stage 1.0 (TID 46) (c471eff09fbd, executor driver, partition 45, PROCESS_LOCAL, 10415 bytes) 
25/08/17 13:49:30 INFO TaskSetManager: Starting task 46.0 in stage 1.0 (TID 47) (c471eff09fbd, executor driver, partition 46, PROCESS_LOCAL, 10415 bytes) 
25/08/17 13:49:30 INFO TaskSetManager: Starting task 47.0 in stage 1.0 (TID 48) (c471eff09fbd, executor driver, partition 47, PROCESS_LOCAL, 10415 bytes) 
25/08/17 13:49:30 INFO TaskSetManager: Starting task 48.0 in stage 1.0 (TID 49) (c471eff09fbd, executor driver, partition 48, PROCESS_LOCAL, 10415 bytes) 
25/08/17 13:49:30 INFO TaskSetManager: Starting task 49.0 in stage 1.0 (TID 50) (c471eff09fbd, executor driver, partition 49, PROCESS_LOCAL, 10415 bytes) 
25/08/17 13:49:30 INFO TaskSetManager: Starting task 50.0 in stage 1.0 (TID 51) (c471eff09fbd, executor driver, partition 50, PROCESS_LOCAL, 10415 bytes) 
25/08/17 13:49:30 INFO TaskSetManager: Starting task 51.0 in stage 1.0 (TID 52) (c471eff09fbd, executor driver, partition 51, PROCESS_LOCAL, 10415 bytes) 
25/08/17 13:49:30 INFO TaskSetManager: Starting task 52.0 in stage 1.0 (TID 53) (c471eff09fbd, executor driver, partition 52, PROCESS_LOCAL, 10415 bytes) 
25/08/17 13:49:30 INFO TaskSetManager: Starting task 53.0 in stage 1.0 (TID 54) (c471eff09fbd, executor driver, partition 53, PROCESS_LOCAL, 10415 bytes) 
25/08/17 13:49:30 INFO TaskSetManager: Starting task 54.0 in stage 1.0 (TID 55) (c471eff09fbd, executor driver, partition 54, PROCESS_LOCAL, 10415 bytes) 
25/08/17 13:49:30 INFO TaskSetManager: Starting task 55.0 in stage 1.0 (TID 56) (c471eff09fbd, executor driver, partition 55, PROCESS_LOCAL, 10415 bytes) 
25/08/17 13:49:30 INFO TaskSetManager: Starting task 56.0 in stage 1.0 (TID 57) (c471eff09fbd, executor driver, partition 56, PROCESS_LOCAL, 10415 bytes) 
25/08/17 13:49:30 INFO TaskSetManager: Starting task 57.0 in stage 1.0 (TID 58) (c471eff09fbd, executor driver, partition 57, PROCESS_LOCAL, 10415 bytes) 
25/08/17 13:49:30 INFO TaskSetManager: Starting task 58.0 in stage 1.0 (TID 59) (c471eff09fbd, executor driver, partition 58, PROCESS_LOCAL, 10415 bytes) 
25/08/17 13:49:30 INFO TaskSetManager: Starting task 59.0 in stage 1.0 (TID 60) (c471eff09fbd, executor driver, partition 59, PROCESS_LOCAL, 10415 bytes) 
25/08/17 13:49:30 INFO TaskSetManager: Starting task 60.0 in stage 1.0 (TID 61) (c471eff09fbd, executor driver, partition 60, PROCESS_LOCAL, 10415 bytes) 
25/08/17 13:49:30 INFO TaskSetManager: Starting task 61.0 in stage 1.0 (TID 62) (c471eff09fbd, executor driver, partition 61, PROCESS_LOCAL, 10415 bytes) 
25/08/17 13:49:30 INFO TaskSetManager: Starting task 62.0 in stage 1.0 (TID 63) (c471eff09fbd, executor driver, partition 62, PROCESS_LOCAL, 10415 bytes) 
25/08/17 13:49:30 INFO TaskSetManager: Starting task 63.0 in stage 1.0 (TID 64) (c471eff09fbd, executor driver, partition 63, PROCESS_LOCAL, 10415 bytes) 
25/08/17 13:49:30 INFO Executor: Running task 0.0 in stage 1.0 (TID 1)
25/08/17 13:49:30 INFO Executor: Running task 1.0 in stage 1.0 (TID 2)
25/08/17 13:49:30 INFO Executor: Running task 2.0 in stage 1.0 (TID 3)
25/08/17 13:49:30 INFO Executor: Running task 3.0 in stage 1.0 (TID 4)
25/08/17 13:49:30 INFO Executor: Running task 4.0 in stage 1.0 (TID 5)
25/08/17 13:49:30 INFO Executor: Running task 5.0 in stage 1.0 (TID 6)
25/08/17 13:49:30 INFO Executor: Running task 6.0 in stage 1.0 (TID 7)
25/08/17 13:49:30 INFO Executor: Running task 7.0 in stage 1.0 (TID 8)
25/08/17 13:49:30 INFO Executor: Running task 9.0 in stage 1.0 (TID 10)
25/08/17 13:49:30 INFO Executor: Running task 8.0 in stage 1.0 (TID 9)
25/08/17 13:49:30 INFO Executor: Running task 10.0 in stage 1.0 (TID 11)
25/08/17 13:49:30 INFO Executor: Running task 11.0 in stage 1.0 (TID 12)
25/08/17 13:49:30 INFO Executor: Running task 13.0 in stage 1.0 (TID 14)
25/08/17 13:49:30 INFO Executor: Running task 12.0 in stage 1.0 (TID 13)
25/08/17 13:49:30 INFO Executor: Running task 14.0 in stage 1.0 (TID 15)
25/08/17 13:49:30 INFO SparkResourceAdaptor: startDedicatedTaskThread: threadId: 140413892556352, task id: 2
25/08/17 13:49:30 INFO Executor: Running task 15.0 in stage 1.0 (TID 16)
25/08/17 13:49:30 INFO Executor: Running task 16.0 in stage 1.0 (TID 17)
25/08/17 13:49:30 INFO Executor: Running task 17.0 in stage 1.0 (TID 18)
25/08/17 13:49:30 INFO Executor: Running task 18.0 in stage 1.0 (TID 19)
25/08/17 13:49:30 INFO Executor: Running task 19.0 in stage 1.0 (TID 20)
25/08/17 13:49:30 INFO SparkResourceAdaptor: startDedicatedTaskThread: threadId: 140413890459200, task id: 4
25/08/17 13:49:30 INFO SparkResourceAdaptor: startDedicatedTaskThread: threadId: 140413891507776, task id: 3
25/08/17 13:49:30 INFO Executor: Running task 23.0 in stage 1.0 (TID 24)
25/08/17 13:49:30 INFO Executor: Running task 21.0 in stage 1.0 (TID 22)
25/08/17 13:49:30 INFO Executor: Running task 24.0 in stage 1.0 (TID 25)
25/08/17 13:49:30 INFO Executor: Running task 22.0 in stage 1.0 (TID 23)
25/08/17 13:49:30 INFO Executor: Running task 20.0 in stage 1.0 (TID 21)
25/08/17 13:49:30 INFO Executor: Running task 26.0 in stage 1.0 (TID 27)
25/08/17 13:49:30 INFO SparkResourceAdaptor: startDedicatedTaskThread: threadId: 140413284382272, task id: 6
25/08/17 13:49:30 INFO SparkResourceAdaptor: startDedicatedTaskThread: threadId: 140413282285120, task id: 8
25/08/17 13:49:30 INFO Executor: Running task 28.0 in stage 1.0 (TID 29)
25/08/17 13:49:30 INFO SparkResourceAdaptor: startDedicatedTaskThread: threadId: 140413281236544, task id: 9
25/08/17 13:49:30 INFO Executor: Running task 31.0 in stage 1.0 (TID 32)
25/08/17 13:49:30 INFO Executor: Running task 32.0 in stage 1.0 (TID 33)
25/08/17 13:49:30 INFO SparkResourceAdaptor: startDedicatedTaskThread: threadId: 140413283333696, task id: 7
25/08/17 13:49:30 INFO Executor: Running task 33.0 in stage 1.0 (TID 34)
25/08/17 13:49:30 INFO Executor: Running task 25.0 in stage 1.0 (TID 26)
25/08/17 13:49:30 INFO Executor: Running task 27.0 in stage 1.0 (TID 28)
25/08/17 13:49:30 INFO Executor: Running task 30.0 in stage 1.0 (TID 31)
25/08/17 13:49:30 INFO Executor: Running task 34.0 in stage 1.0 (TID 35)
25/08/17 13:49:30 INFO Executor: Running task 29.0 in stage 1.0 (TID 30)
25/08/17 13:49:30 INFO SparkResourceAdaptor: startDedicatedTaskThread: threadId: 140413285430848, task id: 5
25/08/17 13:49:30 INFO Executor: Running task 35.0 in stage 1.0 (TID 36)
25/08/17 13:49:30 INFO Executor: Running task 38.0 in stage 1.0 (TID 39)
25/08/17 13:49:30 INFO Executor: Running task 36.0 in stage 1.0 (TID 37)
25/08/17 13:49:30 INFO Executor: Running task 39.0 in stage 1.0 (TID 40)
25/08/17 13:49:30 INFO Executor: Running task 37.0 in stage 1.0 (TID 38)
25/08/17 13:49:30 INFO SparkResourceAdaptor: startDedicatedTaskThread: threadId: 140413275993664, task id: 14
25/08/17 13:49:30 INFO Executor: Running task 40.0 in stage 1.0 (TID 41)
25/08/17 13:49:30 INFO SparkResourceAdaptor: startDedicatedTaskThread: threadId: 140418348168768, task id: 1
25/08/17 13:49:30 INFO Executor: Running task 41.0 in stage 1.0 (TID 42)
25/08/17 13:49:30 INFO Executor: Running task 42.0 in stage 1.0 (TID 43)
25/08/17 13:49:30 INFO Executor: Running task 43.0 in stage 1.0 (TID 44)
25/08/17 13:49:30 INFO Executor: Running task 44.0 in stage 1.0 (TID 45)
25/08/17 13:49:30 INFO Executor: Running task 45.0 in stage 1.0 (TID 46)
25/08/17 13:49:30 INFO Executor: Running task 46.0 in stage 1.0 (TID 47)
25/08/17 13:49:30 INFO Executor: Running task 47.0 in stage 1.0 (TID 48)
25/08/17 13:49:30 INFO Executor: Running task 48.0 in stage 1.0 (TID 49)
25/08/17 13:49:30 INFO Executor: Running task 49.0 in stage 1.0 (TID 50)
25/08/17 13:49:30 INFO SparkResourceAdaptor: startDedicatedTaskThread: threadId: 140413278090816, task id: 12
25/08/17 13:49:30 INFO SparkResourceAdaptor: startDedicatedTaskThread: threadId: 140413279139392, task id: 11
25/08/17 13:49:30 INFO Executor: Running task 50.0 in stage 1.0 (TID 51)
25/08/17 13:49:30 INFO Executor: Running task 51.0 in stage 1.0 (TID 52)
25/08/17 13:49:30 INFO SparkResourceAdaptor: startDedicatedTaskThread: threadId: 140413277042240, task id: 13
25/08/17 13:49:30 INFO Executor: Running task 52.0 in stage 1.0 (TID 53)
25/08/17 13:49:30 INFO Executor: Running task 53.0 in stage 1.0 (TID 54)
25/08/17 13:49:30 INFO Executor: Running task 54.0 in stage 1.0 (TID 55)
25/08/17 13:49:30 INFO Executor: Running task 55.0 in stage 1.0 (TID 56)
25/08/17 13:49:30 INFO Executor: Running task 56.0 in stage 1.0 (TID 57)
25/08/17 13:49:30 INFO Executor: Running task 57.0 in stage 1.0 (TID 58)
25/08/17 13:49:30 INFO Executor: Running task 58.0 in stage 1.0 (TID 59)
25/08/17 13:49:30 INFO Executor: Running task 59.0 in stage 1.0 (TID 60)
25/08/17 13:49:30 INFO SparkResourceAdaptor: startDedicatedTaskThread: threadId: 140413280187968, task id: 10
25/08/17 13:49:30 INFO Executor: Running task 61.0 in stage 1.0 (TID 62)
25/08/17 13:49:30 INFO Executor: Running task 63.0 in stage 1.0 (TID 64)
25/08/17 13:49:30 INFO SparkResourceAdaptor: startDedicatedTaskThread: threadId: 140413274945088, task id: 15
25/08/17 13:49:30 INFO SparkResourceAdaptor: startDedicatedTaskThread: threadId: 140413273896512, task id: 16
25/08/17 13:49:30 INFO Executor: Running task 62.0 in stage 1.0 (TID 63)
25/08/17 13:49:30 INFO Executor: Running task 60.0 in stage 1.0 (TID 61)
25/08/17 13:49:30 INFO SparkResourceAdaptor: startDedicatedTaskThread: threadId: 140413256070720, task id: 32
25/08/17 13:49:31 INFO SparkResourceAdaptor: startDedicatedTaskThread: threadId: 140413271799360, task id: 18
25/08/17 13:49:31 INFO SparkResourceAdaptor: startDedicatedTaskThread: threadId: 140413266556480, task id: 23
25/08/17 13:49:31 INFO SparkResourceAdaptor: startDedicatedTaskThread: threadId: 140413270750784, task id: 19
25/08/17 13:49:31 INFO SparkResourceAdaptor: startDedicatedTaskThread: threadId: 140413255022144, task id: 33
25/08/17 13:49:31 INFO SparkResourceAdaptor: startDedicatedTaskThread: threadId: 140413265507904, task id: 24
25/08/17 13:49:31 INFO SparkResourceAdaptor: startDedicatedTaskThread: threadId: 140413264459328, task id: 25
25/08/17 13:49:31 INFO SparkResourceAdaptor: startDedicatedTaskThread: threadId: 140413244536384, task id: 42
25/08/17 13:49:31 INFO SparkResourceAdaptor: startDedicatedTaskThread: threadId: 140413253973568, task id: 34
25/08/17 13:49:31 INFO SparkResourceAdaptor: startDedicatedTaskThread: threadId: 140413272847936, task id: 17
25/08/17 13:49:31 INFO SparkResourceAdaptor: startDedicatedTaskThread: threadId: 140413258167872, task id: 30
25/08/17 13:49:31 INFO SparkResourceAdaptor: startDedicatedTaskThread: threadId: 140413243487808, task id: 43
25/08/17 13:49:31 INFO SparkResourceAdaptor: startDedicatedTaskThread: threadId: 140413260265024, task id: 29
25/08/17 13:49:31 INFO SparkResourceAdaptor: startDedicatedTaskThread: threadId: 140413252924992, task id: 35
25/08/17 13:49:31 INFO SparkResourceAdaptor: startDedicatedTaskThread: threadId: 140413269702208, task id: 20
25/08/17 13:49:31 INFO SparkResourceAdaptor: startDedicatedTaskThread: threadId: 140413261313600, task id: 28
25/08/17 13:49:31 INFO SparkResourceAdaptor: startDedicatedTaskThread: threadId: 140413250827840, task id: 37
25/08/17 13:49:31 INFO SparkResourceAdaptor: startDedicatedTaskThread: threadId: 140413245584960, task id: 41
25/08/17 13:49:31 INFO SparkResourceAdaptor: startDedicatedTaskThread: threadId: 140413267605056, task id: 22
25/08/17 13:49:31 INFO SparkResourceAdaptor: startDedicatedTaskThread: threadId: 140413247682112, task id: 40
25/08/17 13:49:31 INFO SparkResourceAdaptor: startDedicatedTaskThread: threadId: 140413257119296, task id: 31
25/08/17 13:49:31 INFO SparkResourceAdaptor: startDedicatedTaskThread: threadId: 140413231953472, task id: 54
25/08/17 13:49:31 INFO SparkResourceAdaptor: startDedicatedTaskThread: threadId: 140413239293504, task id: 47
25/08/17 13:49:31 INFO SparkResourceAdaptor: startDedicatedTaskThread: threadId: 140413241390656, task id: 45
25/08/17 13:49:31 INFO SparkResourceAdaptor: startDedicatedTaskThread: threadId: 140413248730688, task id: 39
25/08/17 13:49:31 INFO SparkResourceAdaptor: startDedicatedTaskThread: threadId: 140413242439232, task id: 44
25/08/17 13:49:31 INFO SparkResourceAdaptor: startDedicatedTaskThread: threadId: 140413262362176, task id: 27
25/08/17 13:49:31 INFO SparkResourceAdaptor: startDedicatedTaskThread: threadId: 140413226710592, task id: 59
25/08/17 13:49:31 INFO SparkResourceAdaptor: startDedicatedTaskThread: threadId: 140413240342080, task id: 46
25/08/17 13:49:31 INFO SparkResourceAdaptor: startDedicatedTaskThread: threadId: 140413235099200, task id: 51
25/08/17 13:49:31 INFO SparkResourceAdaptor: startDedicatedTaskThread: threadId: 140413268653632, task id: 21
25/08/17 13:49:31 INFO SparkResourceAdaptor: startDedicatedTaskThread: threadId: 140413237196352, task id: 49
25/08/17 13:49:31 INFO SparkResourceAdaptor: startDedicatedTaskThread: threadId: 140413234050624, task id: 52
25/08/17 13:49:31 INFO SparkResourceAdaptor: startDedicatedTaskThread: threadId: 140413233002048, task id: 53
25/08/17 13:49:31 INFO SparkResourceAdaptor: startDedicatedTaskThread: threadId: 140413225662016, task id: 60
25/08/17 13:49:31 INFO SparkResourceAdaptor: startDedicatedTaskThread: threadId: 140413251876416, task id: 36
25/08/17 13:49:31 INFO SparkResourceAdaptor: startDedicatedTaskThread: threadId: 140413238244928, task id: 48
25/08/17 13:49:31 INFO SparkResourceAdaptor: startDedicatedTaskThread: threadId: 140413230904896, task id: 55
25/08/17 13:49:31 INFO SparkResourceAdaptor: startDedicatedTaskThread: threadId: 140413221467712, task id: 64
25/08/17 13:49:31 INFO SparkResourceAdaptor: startDedicatedTaskThread: threadId: 140413236147776, task id: 50
25/08/17 13:49:31 INFO SparkResourceAdaptor: startDedicatedTaskThread: threadId: 140413222516288, task id: 63
25/08/17 13:49:31 INFO SparkResourceAdaptor: startDedicatedTaskThread: threadId: 140413263410752, task id: 26
25/08/17 13:49:31 INFO SparkResourceAdaptor: startDedicatedTaskThread: threadId: 140413228807744, task id: 57
25/08/17 13:49:31 INFO SparkResourceAdaptor: startDedicatedTaskThread: threadId: 140413223564864, task id: 62
25/08/17 13:49:31 INFO SparkResourceAdaptor: startDedicatedTaskThread: threadId: 140413249779264, task id: 38
25/08/17 13:49:31 INFO SparkResourceAdaptor: startDedicatedTaskThread: threadId: 140413229856320, task id: 56
25/08/17 13:49:31 INFO SparkResourceAdaptor: startDedicatedTaskThread: threadId: 140413227759168, task id: 58
25/08/17 13:49:31 INFO SparkResourceAdaptor: startDedicatedTaskThread: threadId: 140413224613440, task id: 61
25/08/17 13:49:31 INFO GpuParquetMultiFilePartitionReaderFactory: Using the coalesce multi-file Parquet reader, files: file:///root/spark_rapids_dev/data/parse-tree/local_profile_data.parquet/part-00035-6c2d4d5b-3659-40cb-b37c-567b768c89ef-c000.snappy.parquet task attemptid: 28
25/08/17 13:49:31 INFO GpuParquetMultiFilePartitionReaderFactory: Using the coalesce multi-file Parquet reader, files: file:///root/spark_rapids_dev/data/parse-tree/local_profile_data.parquet/part-00023-6c2d4d5b-3659-40cb-b37c-567b768c89ef-c000.snappy.parquet task attemptid: 59
25/08/17 13:49:31 INFO GpuParquetMultiFilePartitionReaderFactory: Using the coalesce multi-file Parquet reader, files: file:///root/spark_rapids_dev/data/parse-tree/local_profile_data.parquet/part-00012-6c2d4d5b-3659-40cb-b37c-567b768c89ef-c000.snappy.parquet task attemptid: 50
25/08/17 13:49:31 INFO GpuParquetMultiFilePartitionReaderFactory: Using the coalesce multi-file Parquet reader, files: file:///root/spark_rapids_dev/data/parse-tree/local_profile_data.parquet/part-00058-6c2d4d5b-3659-40cb-b37c-567b768c89ef-c000.snappy.parquet task attemptid: 25
25/08/17 13:49:31 INFO GpuParquetMultiFilePartitionReaderFactory: Using the coalesce multi-file Parquet reader, files: file:///root/spark_rapids_dev/data/parse-tree/local_profile_data.parquet/part-00060-6c2d4d5b-3659-40cb-b37c-567b768c89ef-c000.snappy.parquet task attemptid: 60
25/08/17 13:49:31 INFO GpuParquetMultiFilePartitionReaderFactory: Using the coalesce multi-file Parquet reader, files: file:///root/spark_rapids_dev/data/parse-tree/local_profile_data.parquet/part-00044-6c2d4d5b-3659-40cb-b37c-567b768c89ef-c000.snappy.parquet task attemptid: 46
25/08/17 13:49:31 INFO GpuParquetMultiFilePartitionReaderFactory: Using the coalesce multi-file Parquet reader, files: file:///root/spark_rapids_dev/data/parse-tree/local_profile_data.parquet/part-00030-6c2d4d5b-3659-40cb-b37c-567b768c89ef-c000.snappy.parquet task attemptid: 40
25/08/17 13:49:31 INFO GpuParquetMultiFilePartitionReaderFactory: Using the coalesce multi-file Parquet reader, files: file:///root/spark_rapids_dev/data/parse-tree/local_profile_data.parquet/part-00007-6c2d4d5b-3659-40cb-b37c-567b768c89ef-c000.snappy.parquet task attemptid: 44
25/08/17 13:49:31 INFO GpuParquetMultiFilePartitionReaderFactory: Using the coalesce multi-file Parquet reader, files: file:///root/spark_rapids_dev/data/parse-tree/local_profile_data.parquet/part-00055-6c2d4d5b-3659-40cb-b37c-567b768c89ef-c000.snappy.parquet task attemptid: 37
25/08/17 13:49:31 INFO GpuParquetMultiFilePartitionReaderFactory: Using the coalesce multi-file Parquet reader, files: file:///root/spark_rapids_dev/data/parse-tree/local_profile_data.parquet/part-00061-6c2d4d5b-3659-40cb-b37c-567b768c89ef-c000.snappy.parquet task attemptid: 64
25/08/17 13:49:31 INFO GpuParquetMultiFilePartitionReaderFactory: Using the coalesce multi-file Parquet reader, files: file:///root/spark_rapids_dev/data/parse-tree/local_profile_data.parquet/part-00010-6c2d4d5b-3659-40cb-b37c-567b768c89ef-c000.snappy.parquet task attemptid: 54
25/08/17 13:49:31 INFO GpuParquetMultiFilePartitionReaderFactory: Using the coalesce multi-file Parquet reader, files: file:///root/spark_rapids_dev/data/parse-tree/local_profile_data.parquet/part-00014-6c2d4d5b-3659-40cb-b37c-567b768c89ef-c000.snappy.parquet task attemptid: 39
25/08/17 13:49:31 INFO GpuParquetMultiFilePartitionReaderFactory: Using the coalesce multi-file Parquet reader, files: file:///root/spark_rapids_dev/data/parse-tree/local_profile_data.parquet/part-00008-6c2d4d5b-3659-40cb-b37c-567b768c89ef-c000.snappy.parquet task attemptid: 62
25/08/17 13:49:31 INFO GpuParquetMultiFilePartitionReaderFactory: Using the coalesce multi-file Parquet reader, files: file:///root/spark_rapids_dev/data/parse-tree/local_profile_data.parquet/part-00039-6c2d4d5b-3659-40cb-b37c-567b768c89ef-c000.snappy.parquet task attemptid: 9
25/08/17 13:49:31 INFO GpuParquetMultiFilePartitionReaderFactory: Using the coalesce multi-file Parquet reader, files: file:///root/spark_rapids_dev/data/parse-tree/local_profile_data.parquet/part-00029-6c2d4d5b-3659-40cb-b37c-567b768c89ef-c000.snappy.parquet task attemptid: 16
25/08/17 13:49:31 INFO GpuParquetMultiFilePartitionReaderFactory: Using the coalesce multi-file Parquet reader, files: file:///root/spark_rapids_dev/data/parse-tree/local_profile_data.parquet/part-00054-6c2d4d5b-3659-40cb-b37c-567b768c89ef-c000.snappy.parquet task attemptid: 3
25/08/17 13:49:31 INFO GpuParquetMultiFilePartitionReaderFactory: Using the coalesce multi-file Parquet reader, files: file:///root/spark_rapids_dev/data/parse-tree/local_profile_data.parquet/part-00026-6c2d4d5b-3659-40cb-b37c-567b768c89ef-c000.snappy.parquet task attemptid: 56
25/08/17 13:49:31 INFO GpuParquetMultiFilePartitionReaderFactory: Using the coalesce multi-file Parquet reader, files: file:///root/spark_rapids_dev/data/parse-tree/local_profile_data.parquet/part-00063-6c2d4d5b-3659-40cb-b37c-567b768c89ef-c000.snappy.parquet task attemptid: 52
25/08/17 13:49:31 INFO GpuParquetMultiFilePartitionReaderFactory: Using the coalesce multi-file Parquet reader, files: file:///root/spark_rapids_dev/data/parse-tree/local_profile_data.parquet/part-00017-6c2d4d5b-3659-40cb-b37c-567b768c89ef-c000.snappy.parquet task attemptid: 47
25/08/17 13:49:31 INFO GpuParquetMultiFilePartitionReaderFactory: Using the coalesce multi-file Parquet reader, files: file:///root/spark_rapids_dev/data/parse-tree/local_profile_data.parquet/part-00057-6c2d4d5b-3659-40cb-b37c-567b768c89ef-c000.snappy.parquet task attemptid: 11
25/08/17 13:49:31 INFO GpuParquetMultiFilePartitionReaderFactory: Using the coalesce multi-file Parquet reader, files: file:///root/spark_rapids_dev/data/parse-tree/local_profile_data.parquet/part-00004-6c2d4d5b-3659-40cb-b37c-567b768c89ef-c000.snappy.parquet task attemptid: 4
25/08/17 13:49:31 INFO GpuParquetMultiFilePartitionReaderFactory: Using the coalesce multi-file Parquet reader, files: file:///root/spark_rapids_dev/data/parse-tree/local_profile_data.parquet/part-00013-6c2d4d5b-3659-40cb-b37c-567b768c89ef-c000.snappy.parquet task attemptid: 6
25/08/17 13:49:31 INFO GpuParquetMultiFilePartitionReaderFactory: Using the coalesce multi-file Parquet reader, files: file:///root/spark_rapids_dev/data/parse-tree/local_profile_data.parquet/part-00050-6c2d4d5b-3659-40cb-b37c-567b768c89ef-c000.snappy.parquet task attemptid: 5
25/08/17 13:49:31 INFO GpuParquetMultiFilePartitionReaderFactory: Using the coalesce multi-file Parquet reader, files: file:///root/spark_rapids_dev/data/parse-tree/local_profile_data.parquet/part-00016-6c2d4d5b-3659-40cb-b37c-567b768c89ef-c000.snappy.parquet task attemptid: 14
25/08/17 13:49:31 INFO GpuParquetMultiFilePartitionReaderFactory: Using the coalesce multi-file Parquet reader, files: file:///root/spark_rapids_dev/data/parse-tree/local_profile_data.parquet/part-00032-6c2d4d5b-3659-40cb-b37c-567b768c89ef-c000.snappy.parquet task attemptid: 2
25/08/17 13:49:31 INFO GpuParquetMultiFilePartitionReaderFactory: Using the coalesce multi-file Parquet reader, files: file:///root/spark_rapids_dev/data/parse-tree/local_profile_data.parquet/part-00021-6c2d4d5b-3659-40cb-b37c-567b768c89ef-c000.snappy.parquet task attemptid: 17
25/08/17 13:49:31 INFO GpuParquetMultiFilePartitionReaderFactory: Using the coalesce multi-file Parquet reader, files: file:///root/spark_rapids_dev/data/parse-tree/local_profile_data.parquet/part-00056-6c2d4d5b-3659-40cb-b37c-567b768c89ef-c000.snappy.parquet task attemptid: 41
25/08/17 13:49:31 INFO GpuParquetMultiFilePartitionReaderFactory: Using the coalesce multi-file Parquet reader, files: file:///root/spark_rapids_dev/data/parse-tree/local_profile_data.parquet/part-00019-6c2d4d5b-3659-40cb-b37c-567b768c89ef-c000.snappy.parquet task attemptid: 34
25/08/17 13:49:31 INFO GpuParquetMultiFilePartitionReaderFactory: Using the coalesce multi-file Parquet reader, files: file:///root/spark_rapids_dev/data/parse-tree/local_profile_data.parquet/part-00041-6c2d4d5b-3659-40cb-b37c-567b768c89ef-c000.snappy.parquet task attemptid: 20
25/08/17 13:49:31 INFO GpuParquetMultiFilePartitionReaderFactory: Using the coalesce multi-file Parquet reader, files: file:///root/spark_rapids_dev/data/parse-tree/local_profile_data.parquet/part-00045-6c2d4d5b-3659-40cb-b37c-567b768c89ef-c000.snappy.parquet task attemptid: 58
25/08/17 13:49:31 INFO GpuParquetMultiFilePartitionReaderFactory: Using the coalesce multi-file Parquet reader, files: file:///root/spark_rapids_dev/data/parse-tree/local_profile_data.parquet/part-00042-6c2d4d5b-3659-40cb-b37c-567b768c89ef-c000.snappy.parquet task attemptid: 63
25/08/17 13:49:31 INFO GpuParquetMultiFilePartitionReaderFactory: Using the coalesce multi-file Parquet reader, files: file:///root/spark_rapids_dev/data/parse-tree/local_profile_data.parquet/part-00000-6c2d4d5b-3659-40cb-b37c-567b768c89ef-c000.snappy.parquet task attemptid: 27
25/08/17 13:49:31 INFO GpuParquetMultiFilePartitionReaderFactory: Using the coalesce multi-file Parquet reader, files: file:///root/spark_rapids_dev/data/parse-tree/local_profile_data.parquet/part-00003-6c2d4d5b-3659-40cb-b37c-567b768c89ef-c000.snappy.parquet task attemptid: 57
25/08/17 13:49:31 INFO GpuParquetMultiFilePartitionReaderFactory: Using the coalesce multi-file Parquet reader, files: file:///root/spark_rapids_dev/data/parse-tree/local_profile_data.parquet/part-00051-6c2d4d5b-3659-40cb-b37c-567b768c89ef-c000.snappy.parquet task attemptid: 29
25/08/17 13:49:31 INFO GpuParquetMultiFilePartitionReaderFactory: Using the coalesce multi-file Parquet reader, files: file:///root/spark_rapids_dev/data/parse-tree/local_profile_data.parquet/part-00040-6c2d4d5b-3659-40cb-b37c-567b768c89ef-c000.snappy.parquet task attemptid: 53
25/08/17 13:49:31 INFO GpuParquetMultiFilePartitionReaderFactory: Using the coalesce multi-file Parquet reader, files: file:///root/spark_rapids_dev/data/parse-tree/local_profile_data.parquet/part-00022-6c2d4d5b-3659-40cb-b37c-567b768c89ef-c000.snappy.parquet task attemptid: 43
25/08/17 13:49:31 INFO GpuParquetMultiFilePartitionReaderFactory: Using the coalesce multi-file Parquet reader, files: file:///root/spark_rapids_dev/data/parse-tree/local_profile_data.parquet/part-00031-6c2d4d5b-3659-40cb-b37c-567b768c89ef-c000.snappy.parquet task attemptid: 42
25/08/17 13:49:31 INFO GpuParquetMultiFilePartitionReaderFactory: Using the coalesce multi-file Parquet reader, files: file:///root/spark_rapids_dev/data/parse-tree/local_profile_data.parquet/part-00006-6c2d4d5b-3659-40cb-b37c-567b768c89ef-c000.snappy.parquet task attemptid: 26
25/08/17 13:49:31 INFO GpuParquetMultiFilePartitionReaderFactory: Using the coalesce multi-file Parquet reader, files: file:///root/spark_rapids_dev/data/parse-tree/local_profile_data.parquet/part-00047-6c2d4d5b-3659-40cb-b37c-567b768c89ef-c000.snappy.parquet task attemptid: 8
25/08/17 13:49:31 INFO GpuParquetMultiFilePartitionReaderFactory: Using the coalesce multi-file Parquet reader, files: file:///root/spark_rapids_dev/data/parse-tree/local_profile_data.parquet/part-00038-6c2d4d5b-3659-40cb-b37c-567b768c89ef-c000.snappy.parquet task attemptid: 31
25/08/17 13:49:31 INFO GpuParquetMultiFilePartitionReaderFactory: Using the coalesce multi-file Parquet reader, files: file:///root/spark_rapids_dev/data/parse-tree/local_profile_data.parquet/part-00002-6c2d4d5b-3659-40cb-b37c-567b768c89ef-c000.snappy.parquet task attemptid: 38
25/08/17 13:49:31 INFO GpuParquetMultiFilePartitionReaderFactory: Using the coalesce multi-file Parquet reader, files: file:///root/spark_rapids_dev/data/parse-tree/local_profile_data.parquet/part-00001-6c2d4d5b-3659-40cb-b37c-567b768c89ef-c000.snappy.parquet task attemptid: 12
25/08/17 13:49:31 INFO GpuParquetMultiFilePartitionReaderFactory: Using the coalesce multi-file Parquet reader, files: file:///root/spark_rapids_dev/data/parse-tree/local_profile_data.parquet/part-00025-6c2d4d5b-3659-40cb-b37c-567b768c89ef-c000.snappy.parquet task attemptid: 22
25/08/17 13:49:31 INFO GpuParquetMultiFilePartitionReaderFactory: Using the coalesce multi-file Parquet reader, files: file:///root/spark_rapids_dev/data/parse-tree/local_profile_data.parquet/part-00011-6c2d4d5b-3659-40cb-b37c-567b768c89ef-c000.snappy.parquet task attemptid: 7
25/08/17 13:49:31 INFO GpuParquetMultiFilePartitionReaderFactory: Using the coalesce multi-file Parquet reader, files: file:///root/spark_rapids_dev/data/parse-tree/local_profile_data.parquet/part-00048-6c2d4d5b-3659-40cb-b37c-567b768c89ef-c000.snappy.parquet task attemptid: 15
25/08/17 13:49:31 INFO GpuParquetMultiFilePartitionReaderFactory: Using the coalesce multi-file Parquet reader, files: file:///root/spark_rapids_dev/data/parse-tree/local_profile_data.parquet/part-00033-6c2d4d5b-3659-40cb-b37c-567b768c89ef-c000.snappy.parquet task attemptid: 19
25/08/17 13:49:31 INFO GpuParquetMultiFilePartitionReaderFactory: Using the coalesce multi-file Parquet reader, files: file:///root/spark_rapids_dev/data/parse-tree/local_profile_data.parquet/part-00034-6c2d4d5b-3659-40cb-b37c-567b768c89ef-c000.snappy.parquet task attemptid: 13
25/08/17 13:49:31 INFO GpuParquetMultiFilePartitionReaderFactory: Using the coalesce multi-file Parquet reader, files: file:///root/spark_rapids_dev/data/parse-tree/local_profile_data.parquet/part-00046-6c2d4d5b-3659-40cb-b37c-567b768c89ef-c000.snappy.parquet task attemptid: 48
25/08/17 13:49:31 INFO GpuParquetMultiFilePartitionReaderFactory: Using the coalesce multi-file Parquet reader, files: file:///root/spark_rapids_dev/data/parse-tree/local_profile_data.parquet/part-00028-6c2d4d5b-3659-40cb-b37c-567b768c89ef-c000.snappy.parquet task attemptid: 23
25/08/17 13:49:31 INFO GpuParquetMultiFilePartitionReaderFactory: Using the coalesce multi-file Parquet reader, files: file:///root/spark_rapids_dev/data/parse-tree/local_profile_data.parquet/part-00005-6c2d4d5b-3659-40cb-b37c-567b768c89ef-c000.snappy.parquet task attemptid: 21
25/08/17 13:49:31 INFO GpuParquetMultiFilePartitionReaderFactory: Using the coalesce multi-file Parquet reader, files: file:///root/spark_rapids_dev/data/parse-tree/local_profile_data.parquet/part-00043-6c2d4d5b-3659-40cb-b37c-567b768c89ef-c000.snappy.parquet task attemptid: 36
25/08/17 13:49:31 INFO GpuParquetMultiFilePartitionReaderFactory: Using the coalesce multi-file Parquet reader, files: file:///root/spark_rapids_dev/data/parse-tree/local_profile_data.parquet/part-00037-6c2d4d5b-3659-40cb-b37c-567b768c89ef-c000.snappy.parquet task attemptid: 35
25/08/17 13:49:31 INFO GpuParquetMultiFilePartitionReaderFactory: Using the coalesce multi-file Parquet reader, files: file:///root/spark_rapids_dev/data/parse-tree/local_profile_data.parquet/part-00027-6c2d4d5b-3659-40cb-b37c-567b768c89ef-c000.snappy.parquet task attemptid: 61
25/08/17 13:49:31 INFO GpuParquetMultiFilePartitionReaderFactory: Using the coalesce multi-file Parquet reader, files: file:///root/spark_rapids_dev/data/parse-tree/local_profile_data.parquet/part-00015-6c2d4d5b-3659-40cb-b37c-567b768c89ef-c000.snappy.parquet task attemptid: 30
25/08/17 13:49:31 INFO GpuParquetMultiFilePartitionReaderFactory: Using the coalesce multi-file Parquet reader, files: file:///root/spark_rapids_dev/data/parse-tree/local_profile_data.parquet/part-00020-6c2d4d5b-3659-40cb-b37c-567b768c89ef-c000.snappy.parquet task attemptid: 45
25/08/17 13:49:31 INFO GpuParquetMultiFilePartitionReaderFactory: Using the coalesce multi-file Parquet reader, files: file:///root/spark_rapids_dev/data/parse-tree/local_profile_data.parquet/part-00009-6c2d4d5b-3659-40cb-b37c-567b768c89ef-c000.snappy.parquet task attemptid: 24
25/08/17 13:49:31 INFO GpuParquetMultiFilePartitionReaderFactory: Using the coalesce multi-file Parquet reader, files: file:///root/spark_rapids_dev/data/parse-tree/local_profile_data.parquet/part-00018-6c2d4d5b-3659-40cb-b37c-567b768c89ef-c000.snappy.parquet task attemptid: 49
25/08/17 13:49:31 INFO GpuParquetMultiFilePartitionReaderFactory: Using the coalesce multi-file Parquet reader, files: file:///root/spark_rapids_dev/data/parse-tree/local_profile_data.parquet/part-00049-6c2d4d5b-3659-40cb-b37c-567b768c89ef-c000.snappy.parquet task attemptid: 1
25/08/17 13:49:31 INFO GpuParquetMultiFilePartitionReaderFactory: Using the coalesce multi-file Parquet reader, files: file:///root/spark_rapids_dev/data/parse-tree/local_profile_data.parquet/part-00062-6c2d4d5b-3659-40cb-b37c-567b768c89ef-c000.snappy.parquet task attemptid: 10
25/08/17 13:49:31 INFO GpuParquetMultiFilePartitionReaderFactory: Using the coalesce multi-file Parquet reader, files: file:///root/spark_rapids_dev/data/parse-tree/local_profile_data.parquet/part-00053-6c2d4d5b-3659-40cb-b37c-567b768c89ef-c000.snappy.parquet task attemptid: 32
25/08/17 13:49:31 INFO GpuParquetMultiFilePartitionReaderFactory: Using the coalesce multi-file Parquet reader, files: file:///root/spark_rapids_dev/data/parse-tree/local_profile_data.parquet/part-00024-6c2d4d5b-3659-40cb-b37c-567b768c89ef-c000.snappy.parquet task attemptid: 33
25/08/17 13:49:31 INFO GpuParquetMultiFilePartitionReaderFactory: Using the coalesce multi-file Parquet reader, files: file:///root/spark_rapids_dev/data/parse-tree/local_profile_data.parquet/part-00052-6c2d4d5b-3659-40cb-b37c-567b768c89ef-c000.snappy.parquet task attemptid: 18
25/08/17 13:49:31 INFO GpuParquetMultiFilePartitionReaderFactory: Using the coalesce multi-file Parquet reader, files: file:///root/spark_rapids_dev/data/parse-tree/local_profile_data.parquet/part-00036-6c2d4d5b-3659-40cb-b37c-567b768c89ef-c000.snappy.parquet task attemptid: 55
25/08/17 13:49:31 INFO GpuParquetMultiFilePartitionReaderFactory: Using the coalesce multi-file Parquet reader, files: file:///root/spark_rapids_dev/data/parse-tree/local_profile_data.parquet/part-00059-6c2d4d5b-3659-40cb-b37c-567b768c89ef-c000.snappy.parquet task attemptid: 51
25/08/17 13:49:32 INFO MemoryStore: Block rdd_6_11 stored as values in memory (estimated size 970.0 KiB, free 433.2 MiB)
25/08/17 13:49:32 INFO BlockManagerInfo: Added rdd_6_11 in memory on c471eff09fbd:36195 (size: 970.0 KiB, free: 433.4 MiB)
25/08/17 13:49:32 INFO MemoryStore: Block rdd_6_32 stored as values in memory (estimated size 970.0 KiB, free 432.2 MiB)
25/08/17 13:49:32 INFO BlockManagerInfo: Added rdd_6_32 in memory on c471eff09fbd:36195 (size: 970.0 KiB, free: 432.5 MiB)
25/08/17 13:49:32 INFO Executor: 1 block locks were not released by task 11.0 in stage 1.0 (TID 12)
[rdd_6_11]
25/08/17 13:49:32 INFO Executor: 1 block locks were not released by task 32.0 in stage 1.0 (TID 33)
[rdd_6_32]
25/08/17 13:49:32 INFO Executor: Finished task 11.0 in stage 1.0 (TID 12). 3514 bytes result sent to driver
25/08/17 13:49:32 INFO Executor: Finished task 32.0 in stage 1.0 (TID 33). 3514 bytes result sent to driver
25/08/17 13:49:32 INFO TaskSetManager: Finished task 32.0 in stage 1.0 (TID 33) in 1556 ms on c471eff09fbd (executor driver) (1/64)
25/08/17 13:49:32 INFO TaskSetManager: Finished task 11.0 in stage 1.0 (TID 12) in 1579 ms on c471eff09fbd (executor driver) (2/64)
25/08/17 13:49:32 INFO MemoryStore: Block rdd_6_3 stored as values in memory (estimated size 970.0 KiB, free 431.3 MiB)
25/08/17 13:49:32 INFO BlockManagerInfo: Added rdd_6_3 in memory on c471eff09fbd:36195 (size: 970.0 KiB, free: 431.5 MiB)
25/08/17 13:49:32 INFO MemoryStore: Block rdd_6_1 stored as values in memory (estimated size 970.0 KiB, free 430.4 MiB)
25/08/17 13:49:32 INFO BlockManagerInfo: Added rdd_6_1 in memory on c471eff09fbd:36195 (size: 970.0 KiB, free: 430.6 MiB)
25/08/17 13:49:32 INFO Executor: 1 block locks were not released by task 3.0 in stage 1.0 (TID 4)
[rdd_6_3]
25/08/17 13:49:32 INFO Executor: Finished task 3.0 in stage 1.0 (TID 4). 3471 bytes result sent to driver
25/08/17 13:49:32 INFO TaskSetManager: Finished task 3.0 in stage 1.0 (TID 4) in 1702 ms on c471eff09fbd (executor driver) (3/64)
25/08/17 13:49:32 INFO Executor: 1 block locks were not released by task 1.0 in stage 1.0 (TID 2)
[rdd_6_1]
25/08/17 13:49:32 INFO Executor: Finished task 1.0 in stage 1.0 (TID 2). 3471 bytes result sent to driver
25/08/17 13:49:32 INFO TaskSetManager: Finished task 1.0 in stage 1.0 (TID 2) in 2023 ms on c471eff09fbd (executor driver) (4/64)
25/08/17 13:49:33 INFO MemoryStore: Block rdd_6_13 stored as values in memory (estimated size 970.0 KiB, free 429.4 MiB)
25/08/17 13:49:33 INFO BlockManagerInfo: Added rdd_6_13 in memory on c471eff09fbd:36195 (size: 970.0 KiB, free: 429.6 MiB)
25/08/17 13:49:33 INFO Executor: 1 block locks were not released by task 13.0 in stage 1.0 (TID 14)
[rdd_6_13]
25/08/17 13:49:33 INFO Executor: Finished task 13.0 in stage 1.0 (TID 14). 3471 bytes result sent to driver
25/08/17 13:49:33 INFO TaskSetManager: Finished task 13.0 in stage 1.0 (TID 14) in 2368 ms on c471eff09fbd (executor driver) (5/64)
25/08/17 13:49:33 INFO MemoryStore: Block rdd_6_5 stored as values in memory (estimated size 970.0 KiB, free 428.5 MiB)
25/08/17 13:49:33 INFO BlockManagerInfo: Added rdd_6_5 in memory on c471eff09fbd:36195 (size: 970.0 KiB, free: 428.7 MiB)
25/08/17 13:49:33 INFO Executor: 1 block locks were not released by task 5.0 in stage 1.0 (TID 6)
[rdd_6_5]
25/08/17 13:49:33 INFO Executor: Finished task 5.0 in stage 1.0 (TID 6). 3471 bytes result sent to driver
25/08/17 13:49:33 INFO TaskSetManager: Finished task 5.0 in stage 1.0 (TID 6) in 2447 ms on c471eff09fbd (executor driver) (6/64)
25/08/17 13:49:33 INFO MemoryStore: Block rdd_6_19 stored as values in memory (estimated size 970.0 KiB, free 427.5 MiB)
25/08/17 13:49:33 INFO BlockManagerInfo: Added rdd_6_19 in memory on c471eff09fbd:36195 (size: 970.0 KiB, free: 427.7 MiB)
25/08/17 13:49:33 INFO MemoryStore: Block rdd_6_55 stored as values in memory (estimated size 970.0 KiB, free 426.6 MiB)
25/08/17 13:49:33 INFO BlockManagerInfo: Added rdd_6_55 in memory on c471eff09fbd:36195 (size: 970.0 KiB, free: 426.8 MiB)
25/08/17 13:49:33 INFO MemoryStore: Block rdd_6_15 stored as values in memory (estimated size 970.0 KiB, free 425.6 MiB)
25/08/17 13:49:33 INFO BlockManagerInfo: Added rdd_6_15 in memory on c471eff09fbd:36195 (size: 970.0 KiB, free: 425.8 MiB)
25/08/17 13:49:33 INFO MemoryStore: Block rdd_6_9 stored as values in memory (estimated size 970.0 KiB, free 424.7 MiB)
25/08/17 13:49:33 INFO MemoryStore: Block rdd_6_25 stored as values in memory (estimated size 970.0 KiB, free 423.7 MiB)
25/08/17 13:49:33 INFO BlockManagerInfo: Added rdd_6_9 in memory on c471eff09fbd:36195 (size: 970.0 KiB, free: 424.9 MiB)
25/08/17 13:49:33 INFO BlockManagerInfo: Added rdd_6_25 in memory on c471eff09fbd:36195 (size: 970.0 KiB, free: 423.9 MiB)
25/08/17 13:49:33 INFO MemoryStore: Block rdd_6_7 stored as values in memory (estimated size 970.0 KiB, free 422.8 MiB)
25/08/17 13:49:33 INFO BlockManagerInfo: Added rdd_6_7 in memory on c471eff09fbd:36195 (size: 970.0 KiB, free: 423.0 MiB)
25/08/17 13:49:33 INFO Executor: 1 block locks were not released by task 19.0 in stage 1.0 (TID 20)
[rdd_6_19]
25/08/17 13:49:33 INFO Executor: 1 block locks were not released by task 25.0 in stage 1.0 (TID 26)
[rdd_6_25]
25/08/17 13:49:33 INFO Executor: 1 block locks were not released by task 9.0 in stage 1.0 (TID 10)
[rdd_6_9]
25/08/17 13:49:33 INFO Executor: 1 block locks were not released by task 55.0 in stage 1.0 (TID 56)
[rdd_6_55]
25/08/17 13:49:33 INFO Executor: 1 block locks were not released by task 15.0 in stage 1.0 (TID 16)
[rdd_6_15]
25/08/17 13:49:33 INFO Executor: Finished task 9.0 in stage 1.0 (TID 10). 3471 bytes result sent to driver
25/08/17 13:49:33 INFO Executor: Finished task 19.0 in stage 1.0 (TID 20). 3514 bytes result sent to driver
25/08/17 13:49:33 INFO Executor: Finished task 15.0 in stage 1.0 (TID 16). 3471 bytes result sent to driver
25/08/17 13:49:33 INFO Executor: Finished task 25.0 in stage 1.0 (TID 26). 3514 bytes result sent to driver
25/08/17 13:49:33 INFO Executor: Finished task 55.0 in stage 1.0 (TID 56). 3471 bytes result sent to driver
25/08/17 13:49:33 INFO TaskSetManager: Finished task 9.0 in stage 1.0 (TID 10) in 2641 ms on c471eff09fbd (executor driver) (7/64)
25/08/17 13:49:33 INFO TaskSetManager: Finished task 15.0 in stage 1.0 (TID 16) in 2635 ms on c471eff09fbd (executor driver) (8/64)
25/08/17 13:49:33 INFO TaskSetManager: Finished task 19.0 in stage 1.0 (TID 20) in 2632 ms on c471eff09fbd (executor driver) (9/64)
25/08/17 13:49:33 INFO Executor: 1 block locks were not released by task 7.0 in stage 1.0 (TID 8)
[rdd_6_7]
25/08/17 13:49:33 INFO TaskSetManager: Finished task 55.0 in stage 1.0 (TID 56) in 2597 ms on c471eff09fbd (executor driver) (10/64)
25/08/17 13:49:33 INFO TaskSetManager: Finished task 25.0 in stage 1.0 (TID 26) in 2627 ms on c471eff09fbd (executor driver) (11/64)
25/08/17 13:49:33 INFO Executor: Finished task 7.0 in stage 1.0 (TID 8). 3514 bytes result sent to driver
25/08/17 13:49:33 INFO TaskSetManager: Finished task 7.0 in stage 1.0 (TID 8) in 2651 ms on c471eff09fbd (executor driver) (12/64)
25/08/17 13:49:33 INFO MemoryStore: Block rdd_6_0 stored as values in memory (estimated size 970.0 KiB, free 421.8 MiB)
25/08/17 13:49:33 INFO BlockManagerInfo: Added rdd_6_0 in memory on c471eff09fbd:36195 (size: 970.0 KiB, free: 422.0 MiB)
25/08/17 13:49:33 INFO Executor: 1 block locks were not released by task 0.0 in stage 1.0 (TID 1)
[rdd_6_0]
25/08/17 13:49:33 INFO Executor: Finished task 0.0 in stage 1.0 (TID 1). 3471 bytes result sent to driver
25/08/17 13:49:33 INFO TaskSetManager: Finished task 0.0 in stage 1.0 (TID 1) in 2681 ms on c471eff09fbd (executor driver) (13/64)
25/08/17 13:49:33 INFO MemoryStore: Block rdd_6_8 stored as values in memory (estimated size 970.0 KiB, free 420.9 MiB)
25/08/17 13:49:33 INFO BlockManagerInfo: Added rdd_6_8 in memory on c471eff09fbd:36195 (size: 970.0 KiB, free: 421.1 MiB)
25/08/17 13:49:33 INFO Executor: 1 block locks were not released by task 8.0 in stage 1.0 (TID 9)
[rdd_6_8]
25/08/17 13:49:33 INFO MemoryStore: Block rdd_6_62 stored as values in memory (estimated size 970.0 KiB, free 419.9 MiB)
25/08/17 13:49:33 INFO BlockManagerInfo: Added rdd_6_62 in memory on c471eff09fbd:36195 (size: 970.0 KiB, free: 420.1 MiB)
25/08/17 13:49:33 INFO Executor: Finished task 8.0 in stage 1.0 (TID 9). 3471 bytes result sent to driver
25/08/17 13:49:33 INFO Executor: 1 block locks were not released by task 62.0 in stage 1.0 (TID 63)
[rdd_6_62]
25/08/17 13:49:33 INFO TaskSetManager: Finished task 8.0 in stage 1.0 (TID 9) in 2802 ms on c471eff09fbd (executor driver) (14/64)
25/08/17 13:49:33 INFO Executor: Finished task 62.0 in stage 1.0 (TID 63). 3471 bytes result sent to driver
25/08/17 13:49:33 INFO TaskSetManager: Finished task 62.0 in stage 1.0 (TID 63) in 2750 ms on c471eff09fbd (executor driver) (15/64)
25/08/17 13:49:33 INFO MemoryStore: Block rdd_6_2 stored as values in memory (estimated size 970.0 KiB, free 419.0 MiB)
25/08/17 13:49:33 INFO BlockManagerInfo: Added rdd_6_2 in memory on c471eff09fbd:36195 (size: 970.0 KiB, free: 419.2 MiB)
25/08/17 13:49:33 INFO MemoryStore: Block rdd_6_56 stored as values in memory (estimated size 970.0 KiB, free 418.0 MiB)
25/08/17 13:49:33 INFO MemoryStore: Block rdd_6_23 stored as values in memory (estimated size 970.0 KiB, free 417.1 MiB)
25/08/17 13:49:33 INFO BlockManagerInfo: Added rdd_6_56 in memory on c471eff09fbd:36195 (size: 970.0 KiB, free: 418.3 MiB)
25/08/17 13:49:33 INFO MemoryStore: Block rdd_6_22 stored as values in memory (estimated size 970.0 KiB, free 416.1 MiB)
25/08/17 13:49:33 INFO Executor: 1 block locks were not released by task 2.0 in stage 1.0 (TID 3)
[rdd_6_2]
25/08/17 13:49:33 INFO BlockManagerInfo: Added rdd_6_23 in memory on c471eff09fbd:36195 (size: 970.0 KiB, free: 417.3 MiB)
25/08/17 13:49:33 INFO Executor: 1 block locks were not released by task 56.0 in stage 1.0 (TID 57)
[rdd_6_56]
25/08/17 13:49:33 INFO BlockManagerInfo: Added rdd_6_22 in memory on c471eff09fbd:36195 (size: 970.0 KiB, free: 416.4 MiB)
25/08/17 13:49:33 INFO Executor: 1 block locks were not released by task 23.0 in stage 1.0 (TID 24)
[rdd_6_23]
25/08/17 13:49:33 INFO Executor: Finished task 56.0 in stage 1.0 (TID 57). 3471 bytes result sent to driver
25/08/17 13:49:33 INFO Executor: 1 block locks were not released by task 22.0 in stage 1.0 (TID 23)
[rdd_6_22]
25/08/17 13:49:33 INFO Executor: Finished task 2.0 in stage 1.0 (TID 3). 3471 bytes result sent to driver
25/08/17 13:49:33 INFO Executor: Finished task 23.0 in stage 1.0 (TID 24). 3514 bytes result sent to driver
25/08/17 13:49:33 INFO Executor: Finished task 22.0 in stage 1.0 (TID 23). 3471 bytes result sent to driver
25/08/17 13:49:33 INFO TaskSetManager: Finished task 56.0 in stage 1.0 (TID 57) in 2802 ms on c471eff09fbd (executor driver) (16/64)
25/08/17 13:49:33 INFO TaskSetManager: Finished task 2.0 in stage 1.0 (TID 3) in 2893 ms on c471eff09fbd (executor driver) (17/64)
25/08/17 13:49:33 INFO TaskSetManager: Finished task 23.0 in stage 1.0 (TID 24) in 2871 ms on c471eff09fbd (executor driver) (18/64)
25/08/17 13:49:33 INFO TaskSetManager: Finished task 22.0 in stage 1.0 (TID 23) in 2873 ms on c471eff09fbd (executor driver) (19/64)
25/08/17 13:49:33 INFO MemoryStore: Block rdd_6_12 stored as values in memory (estimated size 970.0 KiB, free 415.2 MiB)
25/08/17 13:49:33 INFO BlockManagerInfo: Added rdd_6_12 in memory on c471eff09fbd:36195 (size: 970.0 KiB, free: 415.4 MiB)
25/08/17 13:49:33 INFO Executor: 1 block locks were not released by task 12.0 in stage 1.0 (TID 13)
[rdd_6_12]
25/08/17 13:49:33 INFO Executor: Finished task 12.0 in stage 1.0 (TID 13). 3471 bytes result sent to driver
25/08/17 13:49:33 INFO TaskSetManager: Finished task 12.0 in stage 1.0 (TID 13) in 2908 ms on c471eff09fbd (executor driver) (20/64)
25/08/17 13:49:33 INFO MemoryStore: Block rdd_6_60 stored as values in memory (estimated size 970.0 KiB, free 414.2 MiB)
25/08/17 13:49:33 INFO BlockManagerInfo: Added rdd_6_60 in memory on c471eff09fbd:36195 (size: 970.0 KiB, free: 414.5 MiB)
25/08/17 13:49:33 INFO Executor: 1 block locks were not released by task 60.0 in stage 1.0 (TID 61)
[rdd_6_60]
25/08/17 13:49:33 INFO Executor: Finished task 60.0 in stage 1.0 (TID 61). 3471 bytes result sent to driver
25/08/17 13:49:33 INFO TaskSetManager: Finished task 60.0 in stage 1.0 (TID 61) in 2872 ms on c471eff09fbd (executor driver) (21/64)
25/08/17 13:49:33 INFO MemoryStore: Block rdd_6_52 stored as values in memory (estimated size 970.0 KiB, free 413.3 MiB)
25/08/17 13:49:33 INFO BlockManagerInfo: Added rdd_6_52 in memory on c471eff09fbd:36195 (size: 970.0 KiB, free: 413.5 MiB)
25/08/17 13:49:33 INFO Executor: 1 block locks were not released by task 52.0 in stage 1.0 (TID 53)
[rdd_6_52]
25/08/17 13:49:33 INFO MemoryStore: Block rdd_6_54 stored as values in memory (estimated size 970.0 KiB, free 412.4 MiB)
25/08/17 13:49:33 INFO BlockManagerInfo: Added rdd_6_54 in memory on c471eff09fbd:36195 (size: 970.0 KiB, free: 412.6 MiB)
25/08/17 13:49:33 INFO Executor: Finished task 52.0 in stage 1.0 (TID 53). 3471 bytes result sent to driver
25/08/17 13:49:33 INFO Executor: 1 block locks were not released by task 54.0 in stage 1.0 (TID 55)
[rdd_6_54]
25/08/17 13:49:33 INFO TaskSetManager: Finished task 52.0 in stage 1.0 (TID 53) in 2997 ms on c471eff09fbd (executor driver) (22/64)
25/08/17 13:49:33 INFO Executor: Finished task 54.0 in stage 1.0 (TID 55). 3471 bytes result sent to driver
25/08/17 13:49:33 INFO TaskSetManager: Finished task 54.0 in stage 1.0 (TID 55) in 2998 ms on c471eff09fbd (executor driver) (23/64)
25/08/17 13:49:33 INFO MemoryStore: Block rdd_6_51 stored as values in memory (estimated size 970.0 KiB, free 411.4 MiB)
25/08/17 13:49:33 INFO BlockManagerInfo: Added rdd_6_51 in memory on c471eff09fbd:36195 (size: 970.0 KiB, free: 411.6 MiB)
25/08/17 13:49:33 INFO Executor: 1 block locks were not released by task 51.0 in stage 1.0 (TID 52)
[rdd_6_51]
25/08/17 13:49:33 INFO Executor: Finished task 51.0 in stage 1.0 (TID 52). 3471 bytes result sent to driver
25/08/17 13:49:33 INFO TaskSetManager: Finished task 51.0 in stage 1.0 (TID 52) in 3023 ms on c471eff09fbd (executor driver) (24/64)
25/08/17 13:49:33 INFO MemoryStore: Block rdd_6_57 stored as values in memory (estimated size 970.0 KiB, free 410.5 MiB)
25/08/17 13:49:33 INFO BlockManagerInfo: Added rdd_6_57 in memory on c471eff09fbd:36195 (size: 970.0 KiB, free: 410.7 MiB)
25/08/17 13:49:33 INFO Executor: 1 block locks were not released by task 57.0 in stage 1.0 (TID 58)
[rdd_6_57]
25/08/17 13:49:33 INFO Executor: Finished task 57.0 in stage 1.0 (TID 58). 3471 bytes result sent to driver
25/08/17 13:49:33 INFO TaskSetManager: Finished task 57.0 in stage 1.0 (TID 58) in 3033 ms on c471eff09fbd (executor driver) (25/64)
25/08/17 13:49:34 INFO MemoryStore: Block rdd_6_48 stored as values in memory (estimated size 970.0 KiB, free 409.5 MiB)
25/08/17 13:49:34 INFO BlockManagerInfo: Added rdd_6_48 in memory on c471eff09fbd:36195 (size: 970.0 KiB, free: 409.7 MiB)
25/08/17 13:49:34 INFO MemoryStore: Block rdd_6_63 stored as values in memory (estimated size 970.0 KiB, free 408.6 MiB)
25/08/17 13:49:34 INFO BlockManagerInfo: Added rdd_6_63 in memory on c471eff09fbd:36195 (size: 970.0 KiB, free: 408.8 MiB)
25/08/17 13:49:34 INFO Executor: 1 block locks were not released by task 48.0 in stage 1.0 (TID 49)
[rdd_6_48]
25/08/17 13:49:34 INFO Executor: Finished task 48.0 in stage 1.0 (TID 49). 3471 bytes result sent to driver
25/08/17 13:49:34 INFO TaskSetManager: Finished task 48.0 in stage 1.0 (TID 49) in 3147 ms on c471eff09fbd (executor driver) (26/64)
25/08/17 13:49:34 INFO MemoryStore: Block rdd_6_35 stored as values in memory (estimated size 970.0 KiB, free 407.6 MiB)
25/08/17 13:49:34 INFO BlockManagerInfo: Added rdd_6_35 in memory on c471eff09fbd:36195 (size: 970.0 KiB, free: 407.8 MiB)
25/08/17 13:49:34 INFO Executor: 1 block locks were not released by task 63.0 in stage 1.0 (TID 64)
[rdd_6_63]
25/08/17 13:49:34 INFO Executor: Finished task 63.0 in stage 1.0 (TID 64). 3471 bytes result sent to driver
25/08/17 13:49:34 INFO MemoryStore: Block rdd_6_49 stored as values in memory (estimated size 970.0 KiB, free 406.7 MiB)
25/08/17 13:49:34 INFO MemoryStore: Block rdd_6_45 stored as values in memory (estimated size 970.2 KiB, free 405.7 MiB)
25/08/17 13:49:34 INFO TaskSetManager: Finished task 63.0 in stage 1.0 (TID 64) in 3139 ms on c471eff09fbd (executor driver) (27/64)
25/08/17 13:49:34 INFO BlockManagerInfo: Added rdd_6_49 in memory on c471eff09fbd:36195 (size: 970.0 KiB, free: 406.9 MiB)
25/08/17 13:49:34 INFO MemoryStore: Block rdd_6_59 stored as values in memory (estimated size 970.0 KiB, free 402.9 MiB)
25/08/17 13:49:34 INFO Executor: 1 block locks were not released by task 35.0 in stage 1.0 (TID 36)
[rdd_6_35]
25/08/17 13:49:34 INFO MemoryStore: Block rdd_6_61 stored as values in memory (estimated size 970.0 KiB, free 402.9 MiB)
25/08/17 13:49:34 INFO MemoryStore: Block rdd_6_58 stored as values in memory (estimated size 970.0 KiB, free 402.9 MiB)
25/08/17 13:49:34 INFO BlockManagerInfo: Added rdd_6_45 in memory on c471eff09fbd:36195 (size: 970.2 KiB, free: 405.9 MiB)
25/08/17 13:49:34 INFO BlockManagerInfo: Added rdd_6_59 in memory on c471eff09fbd:36195 (size: 970.0 KiB, free: 405.0 MiB)
25/08/17 13:49:34 INFO BlockManagerInfo: Added rdd_6_61 in memory on c471eff09fbd:36195 (size: 970.0 KiB, free: 404.0 MiB)
25/08/17 13:49:34 INFO Executor: 1 block locks were not released by task 49.0 in stage 1.0 (TID 50)
[rdd_6_49]
25/08/17 13:49:34 INFO Executor: 1 block locks were not released by task 45.0 in stage 1.0 (TID 46)
[rdd_6_45]
25/08/17 13:49:34 INFO BlockManagerInfo: Added rdd_6_58 in memory on c471eff09fbd:36195 (size: 970.0 KiB, free: 403.1 MiB)
25/08/17 13:49:34 INFO Executor: 1 block locks were not released by task 59.0 in stage 1.0 (TID 60)
[rdd_6_59]
25/08/17 13:49:34 INFO Executor: Finished task 35.0 in stage 1.0 (TID 36). 3471 bytes result sent to driver
25/08/17 13:49:34 INFO Executor: 1 block locks were not released by task 61.0 in stage 1.0 (TID 62)
[rdd_6_61]
25/08/17 13:49:34 INFO Executor: 1 block locks were not released by task 58.0 in stage 1.0 (TID 59)
[rdd_6_58]
25/08/17 13:49:34 INFO Executor: Finished task 45.0 in stage 1.0 (TID 46). 3471 bytes result sent to driver
25/08/17 13:49:34 INFO TaskSetManager: Finished task 35.0 in stage 1.0 (TID 36) in 3172 ms on c471eff09fbd (executor driver) (28/64)
25/08/17 13:49:34 INFO Executor: Finished task 59.0 in stage 1.0 (TID 60). 3471 bytes result sent to driver
25/08/17 13:49:34 INFO Executor: Finished task 61.0 in stage 1.0 (TID 62). 3471 bytes result sent to driver
25/08/17 13:49:34 INFO TaskSetManager: Finished task 45.0 in stage 1.0 (TID 46) in 3165 ms on c471eff09fbd (executor driver) (29/64)
25/08/17 13:49:34 INFO Executor: Finished task 49.0 in stage 1.0 (TID 50). 3514 bytes result sent to driver
25/08/17 13:49:34 INFO Executor: Finished task 58.0 in stage 1.0 (TID 59). 3471 bytes result sent to driver
25/08/17 13:49:34 INFO TaskSetManager: Finished task 61.0 in stage 1.0 (TID 62) in 3151 ms on c471eff09fbd (executor driver) (30/64)
25/08/17 13:49:34 INFO TaskSetManager: Finished task 59.0 in stage 1.0 (TID 60) in 3153 ms on c471eff09fbd (executor driver) (31/64)
25/08/17 13:49:34 INFO TaskSetManager: Finished task 49.0 in stage 1.0 (TID 50) in 3165 ms on c471eff09fbd (executor driver) (32/64)
25/08/17 13:49:34 INFO TaskSetManager: Finished task 58.0 in stage 1.0 (TID 59) in 3155 ms on c471eff09fbd (executor driver) (33/64)
25/08/17 13:49:34 INFO MemoryStore: Block rdd_6_37 stored as values in memory (estimated size 970.0 KiB, free 401.9 MiB)
25/08/17 13:49:34 INFO BlockManagerInfo: Added rdd_6_37 in memory on c471eff09fbd:36195 (size: 970.0 KiB, free: 402.2 MiB)
25/08/17 13:49:34 INFO Executor: 1 block locks were not released by task 37.0 in stage 1.0 (TID 38)
[rdd_6_37]
25/08/17 13:49:34 INFO Executor: Finished task 37.0 in stage 1.0 (TID 38). 3514 bytes result sent to driver
25/08/17 13:49:34 INFO TaskSetManager: Finished task 37.0 in stage 1.0 (TID 38) in 3222 ms on c471eff09fbd (executor driver) (34/64)
25/08/17 13:49:34 INFO MemoryStore: Block rdd_6_47 stored as values in memory (estimated size 970.0 KiB, free 401.0 MiB)
25/08/17 13:49:34 INFO BlockManagerInfo: Added rdd_6_47 in memory on c471eff09fbd:36195 (size: 970.0 KiB, free: 401.2 MiB)
25/08/17 13:49:34 INFO MemoryStore: Block rdd_6_38 stored as values in memory (estimated size 970.0 KiB, free 400.0 MiB)
25/08/17 13:49:34 INFO BlockManagerInfo: Added rdd_6_38 in memory on c471eff09fbd:36195 (size: 970.0 KiB, free: 400.3 MiB)
25/08/17 13:49:34 INFO Executor: 1 block locks were not released by task 38.0 in stage 1.0 (TID 39)
[rdd_6_38]
25/08/17 13:49:34 INFO Executor: 1 block locks were not released by task 47.0 in stage 1.0 (TID 48)
[rdd_6_47]
25/08/17 13:49:34 INFO MemoryStore: Block rdd_6_26 stored as values in memory (estimated size 970.0 KiB, free 399.1 MiB)
25/08/17 13:49:34 INFO MemoryStore: Block rdd_6_20 stored as values in memory (estimated size 970.0 KiB, free 398.1 MiB)
25/08/17 13:49:34 INFO BlockManagerInfo: Added rdd_6_26 in memory on c471eff09fbd:36195 (size: 970.0 KiB, free: 399.3 MiB)
25/08/17 13:49:34 INFO BlockManagerInfo: Added rdd_6_20 in memory on c471eff09fbd:36195 (size: 970.0 KiB, free: 398.4 MiB)
25/08/17 13:49:34 INFO Executor: Finished task 38.0 in stage 1.0 (TID 39). 3514 bytes result sent to driver
25/08/17 13:49:34 INFO Executor: Finished task 47.0 in stage 1.0 (TID 48). 3514 bytes result sent to driver
25/08/17 13:49:34 INFO Executor: 1 block locks were not released by task 26.0 in stage 1.0 (TID 27)
[rdd_6_26]
25/08/17 13:49:34 INFO Executor: 1 block locks were not released by task 20.0 in stage 1.0 (TID 21)
[rdd_6_20]
25/08/17 13:49:34 INFO TaskSetManager: Finished task 38.0 in stage 1.0 (TID 39) in 3263 ms on c471eff09fbd (executor driver) (35/64)
25/08/17 13:49:34 INFO TaskSetManager: Finished task 47.0 in stage 1.0 (TID 48) in 3255 ms on c471eff09fbd (executor driver) (36/64)
25/08/17 13:49:34 INFO Executor: Finished task 20.0 in stage 1.0 (TID 21). 3514 bytes result sent to driver
25/08/17 13:49:34 INFO Executor: Finished task 26.0 in stage 1.0 (TID 27). 3514 bytes result sent to driver
25/08/17 13:49:34 INFO TaskSetManager: Finished task 20.0 in stage 1.0 (TID 21) in 3284 ms on c471eff09fbd (executor driver) (37/64)
25/08/17 13:49:34 INFO TaskSetManager: Finished task 26.0 in stage 1.0 (TID 27) in 3280 ms on c471eff09fbd (executor driver) (38/64)
25/08/17 13:49:34 INFO MemoryStore: Block rdd_6_17 stored as values in memory (estimated size 970.0 KiB, free 397.2 MiB)
25/08/17 13:49:34 INFO BlockManagerInfo: Added rdd_6_17 in memory on c471eff09fbd:36195 (size: 970.0 KiB, free: 397.4 MiB)
25/08/17 13:49:34 INFO Executor: 1 block locks were not released by task 17.0 in stage 1.0 (TID 18)
[rdd_6_17]
25/08/17 13:49:34 INFO Executor: Finished task 17.0 in stage 1.0 (TID 18). 3514 bytes result sent to driver
25/08/17 13:49:34 INFO TaskSetManager: Finished task 17.0 in stage 1.0 (TID 18) in 3454 ms on c471eff09fbd (executor driver) (39/64)
25/08/17 13:49:34 INFO MemoryStore: Block rdd_6_10 stored as values in memory (estimated size 970.0 KiB, free 396.3 MiB)
25/08/17 13:49:34 INFO BlockManagerInfo: Added rdd_6_10 in memory on c471eff09fbd:36195 (size: 970.0 KiB, free: 396.5 MiB)
25/08/17 13:49:34 INFO Executor: 1 block locks were not released by task 10.0 in stage 1.0 (TID 11)
[rdd_6_10]
25/08/17 13:49:34 INFO Executor: Finished task 10.0 in stage 1.0 (TID 11). 3514 bytes result sent to driver
25/08/17 13:49:34 INFO TaskSetManager: Finished task 10.0 in stage 1.0 (TID 11) in 3511 ms on c471eff09fbd (executor driver) (40/64)
25/08/17 13:49:34 INFO MemoryStore: Block rdd_6_29 stored as values in memory (estimated size 970.0 KiB, free 395.3 MiB)
25/08/17 13:49:34 INFO BlockManagerInfo: Added rdd_6_29 in memory on c471eff09fbd:36195 (size: 970.0 KiB, free: 395.5 MiB)
25/08/17 13:49:34 INFO Executor: 1 block locks were not released by task 29.0 in stage 1.0 (TID 30)
[rdd_6_29]
25/08/17 13:49:34 INFO MemoryStore: Block rdd_6_41 stored as values in memory (estimated size 970.0 KiB, free 394.4 MiB)
25/08/17 13:49:34 INFO BlockManagerInfo: Added rdd_6_41 in memory on c471eff09fbd:36195 (size: 970.0 KiB, free: 394.6 MiB)
25/08/17 13:49:34 INFO Executor: 1 block locks were not released by task 41.0 in stage 1.0 (TID 42)
[rdd_6_41]
25/08/17 13:49:34 INFO MemoryStore: Block rdd_6_50 stored as values in memory (estimated size 970.0 KiB, free 393.4 MiB)
25/08/17 13:49:34 INFO BlockManagerInfo: Added rdd_6_50 in memory on c471eff09fbd:36195 (size: 970.0 KiB, free: 393.6 MiB)
25/08/17 13:49:34 INFO Executor: Finished task 29.0 in stage 1.0 (TID 30). 3514 bytes result sent to driver
25/08/17 13:49:34 INFO Executor: 1 block locks were not released by task 50.0 in stage 1.0 (TID 51)
[rdd_6_50]
25/08/17 13:49:34 INFO Executor: Finished task 41.0 in stage 1.0 (TID 42). 3514 bytes result sent to driver
25/08/17 13:49:34 INFO TaskSetManager: Finished task 29.0 in stage 1.0 (TID 30) in 3553 ms on c471eff09fbd (executor driver) (41/64)
25/08/17 13:49:34 INFO TaskSetManager: Finished task 41.0 in stage 1.0 (TID 42) in 3543 ms on c471eff09fbd (executor driver) (42/64)
25/08/17 13:49:34 INFO Executor: Finished task 50.0 in stage 1.0 (TID 51). 3514 bytes result sent to driver
25/08/17 13:49:34 INFO TaskSetManager: Finished task 50.0 in stage 1.0 (TID 51) in 3536 ms on c471eff09fbd (executor driver) (43/64)
25/08/17 13:49:34 INFO MemoryStore: Block rdd_6_30 stored as values in memory (estimated size 970.0 KiB, free 392.5 MiB)
25/08/17 13:49:34 INFO BlockManagerInfo: Added rdd_6_30 in memory on c471eff09fbd:36195 (size: 970.0 KiB, free: 392.7 MiB)
25/08/17 13:49:34 INFO MemoryStore: Block rdd_6_18 stored as values in memory (estimated size 970.0 KiB, free 391.5 MiB)
25/08/17 13:49:34 INFO Executor: 1 block locks were not released by task 30.0 in stage 1.0 (TID 31)
[rdd_6_30]
25/08/17 13:49:34 INFO BlockManagerInfo: Added rdd_6_18 in memory on c471eff09fbd:36195 (size: 970.0 KiB, free: 391.7 MiB)
25/08/17 13:49:34 INFO Executor: 1 block locks were not released by task 18.0 in stage 1.0 (TID 19)
[rdd_6_18]
25/08/17 13:49:34 INFO Executor: Finished task 30.0 in stage 1.0 (TID 31). 3514 bytes result sent to driver
25/08/17 13:49:34 INFO TaskSetManager: Finished task 30.0 in stage 1.0 (TID 31) in 3574 ms on c471eff09fbd (executor driver) (44/64)
25/08/17 13:49:34 INFO Executor: Finished task 18.0 in stage 1.0 (TID 19). 3514 bytes result sent to driver
25/08/17 13:49:34 INFO TaskSetManager: Finished task 18.0 in stage 1.0 (TID 19) in 3589 ms on c471eff09fbd (executor driver) (45/64)
25/08/17 13:49:34 INFO MemoryStore: Block rdd_6_31 stored as values in memory (estimated size 970.0 KiB, free 390.6 MiB)
25/08/17 13:49:34 INFO MemoryStore: Block rdd_6_34 stored as values in memory (estimated size 970.0 KiB, free 389.6 MiB)
25/08/17 13:49:34 INFO BlockManagerInfo: Added rdd_6_31 in memory on c471eff09fbd:36195 (size: 970.0 KiB, free: 390.8 MiB)
25/08/17 13:49:34 INFO MemoryStore: Block rdd_6_6 stored as values in memory (estimated size 970.0 KiB, free 388.7 MiB)
25/08/17 13:49:34 INFO BlockManagerInfo: Added rdd_6_34 in memory on c471eff09fbd:36195 (size: 970.0 KiB, free: 389.8 MiB)
25/08/17 13:49:34 INFO Executor: 1 block locks were not released by task 31.0 in stage 1.0 (TID 32)
[rdd_6_31]
25/08/17 13:49:34 INFO BlockManagerInfo: Added rdd_6_6 in memory on c471eff09fbd:36195 (size: 970.0 KiB, free: 388.9 MiB)
25/08/17 13:49:34 INFO MemoryStore: Block rdd_6_43 stored as values in memory (estimated size 970.0 KiB, free 387.7 MiB)
25/08/17 13:49:34 INFO BlockManagerInfo: Added rdd_6_43 in memory on c471eff09fbd:36195 (size: 970.0 KiB, free: 387.9 MiB)
25/08/17 13:49:34 INFO Executor: Finished task 31.0 in stage 1.0 (TID 32). 3514 bytes result sent to driver
25/08/17 13:49:34 INFO Executor: 1 block locks were not released by task 34.0 in stage 1.0 (TID 35)
[rdd_6_34]
25/08/17 13:49:34 INFO TaskSetManager: Finished task 31.0 in stage 1.0 (TID 32) in 3603 ms on c471eff09fbd (executor driver) (46/64)
25/08/17 13:49:34 INFO MemoryStore: Block rdd_6_16 stored as values in memory (estimated size 970.0 KiB, free 384.9 MiB)
25/08/17 13:49:34 INFO Executor: 1 block locks were not released by task 43.0 in stage 1.0 (TID 44)
[rdd_6_43]
25/08/17 13:49:34 INFO MemoryStore: Block rdd_6_14 stored as values in memory (estimated size 970.0 KiB, free 384.9 MiB)
25/08/17 13:49:34 INFO MemoryStore: Block rdd_6_4 stored as values in memory (estimated size 970.0 KiB, free 384.9 MiB)
25/08/17 13:49:34 INFO Executor: 1 block locks were not released by task 6.0 in stage 1.0 (TID 7)
[rdd_6_6]
25/08/17 13:49:34 INFO MemoryStore: Block rdd_6_53 stored as values in memory (estimated size 970.0 KiB, free 382.0 MiB)
25/08/17 13:49:34 INFO MemoryStore: Block rdd_6_24 stored as values in memory (estimated size 970.0 KiB, free 382.0 MiB)
25/08/17 13:49:34 INFO MemoryStore: Block rdd_6_42 stored as values in memory (estimated size 970.2 KiB, free 382.0 MiB)
25/08/17 13:49:34 INFO BlockManagerInfo: Added rdd_6_16 in memory on c471eff09fbd:36195 (size: 970.0 KiB, free: 387.0 MiB)
25/08/17 13:49:34 INFO BlockManagerInfo: Added rdd_6_14 in memory on c471eff09fbd:36195 (size: 970.0 KiB, free: 386.0 MiB)
25/08/17 13:49:34 INFO Executor: 1 block locks were not released by task 16.0 in stage 1.0 (TID 17)
[rdd_6_16]
25/08/17 13:49:34 INFO BlockManagerInfo: Added rdd_6_4 in memory on c471eff09fbd:36195 (size: 970.0 KiB, free: 385.1 MiB)
25/08/17 13:49:34 INFO BlockManagerInfo: Added rdd_6_42 in memory on c471eff09fbd:36195 (size: 970.2 KiB, free: 384.2 MiB)
25/08/17 13:49:34 INFO Executor: 1 block locks were not released by task 14.0 in stage 1.0 (TID 15)
[rdd_6_14]
25/08/17 13:49:34 INFO Executor: Finished task 34.0 in stage 1.0 (TID 35). 3514 bytes result sent to driver
25/08/17 13:49:34 INFO Executor: Finished task 6.0 in stage 1.0 (TID 7). 3514 bytes result sent to driver
25/08/17 13:49:34 INFO BlockManagerInfo: Added rdd_6_24 in memory on c471eff09fbd:36195 (size: 970.0 KiB, free: 383.2 MiB)
25/08/17 13:49:34 INFO MemoryStore: Block rdd_6_39 stored as values in memory (estimated size 970.0 KiB, free 381.1 MiB)
25/08/17 13:49:34 INFO Executor: 1 block locks were not released by task 4.0 in stage 1.0 (TID 5)
[rdd_6_4]
25/08/17 13:49:34 INFO BlockManagerInfo: Added rdd_6_53 in memory on c471eff09fbd:36195 (size: 970.0 KiB, free: 382.3 MiB)
25/08/17 13:49:34 INFO Executor: 1 block locks were not released by task 42.0 in stage 1.0 (TID 43)
[rdd_6_42]
25/08/17 13:49:34 INFO MemoryStore: Block rdd_6_33 stored as values in memory (estimated size 970.0 KiB, free 380.1 MiB)
25/08/17 13:49:34 INFO BlockManagerInfo: Added rdd_6_39 in memory on c471eff09fbd:36195 (size: 970.0 KiB, free: 381.3 MiB)
25/08/17 13:49:34 INFO Executor: 1 block locks were not released by task 24.0 in stage 1.0 (TID 25)
[rdd_6_24]
25/08/17 13:49:34 INFO TaskSetManager: Finished task 34.0 in stage 1.0 (TID 35) in 3606 ms on c471eff09fbd (executor driver) (47/64)
25/08/17 13:49:34 INFO Executor: 1 block locks were not released by task 53.0 in stage 1.0 (TID 54)
[rdd_6_53]
25/08/17 13:49:34 INFO TaskSetManager: Finished task 6.0 in stage 1.0 (TID 7) in 3637 ms on c471eff09fbd (executor driver) (48/64)
25/08/17 13:49:34 INFO BlockManagerInfo: Added rdd_6_33 in memory on c471eff09fbd:36195 (size: 970.0 KiB, free: 380.4 MiB)
25/08/17 13:49:34 INFO Executor: Finished task 43.0 in stage 1.0 (TID 44). 3514 bytes result sent to driver
25/08/17 13:49:34 INFO Executor: Finished task 16.0 in stage 1.0 (TID 17). 3514 bytes result sent to driver
25/08/17 13:49:34 INFO Executor: 1 block locks were not released by task 39.0 in stage 1.0 (TID 40)
[rdd_6_39]
25/08/17 13:49:34 INFO Executor: 1 block locks were not released by task 33.0 in stage 1.0 (TID 34)
[rdd_6_33]
25/08/17 13:49:34 INFO TaskSetManager: Finished task 43.0 in stage 1.0 (TID 44) in 3601 ms on c471eff09fbd (executor driver) (49/64)
25/08/17 13:49:34 INFO Executor: Finished task 4.0 in stage 1.0 (TID 5). 3514 bytes result sent to driver
25/08/17 13:49:34 INFO Executor: Finished task 42.0 in stage 1.0 (TID 43). 3514 bytes result sent to driver
25/08/17 13:49:34 INFO TaskSetManager: Finished task 16.0 in stage 1.0 (TID 17) in 3628 ms on c471eff09fbd (executor driver) (50/64)
25/08/17 13:49:34 INFO Executor: Finished task 14.0 in stage 1.0 (TID 15). 3514 bytes result sent to driver
25/08/17 13:49:34 INFO TaskSetManager: Finished task 4.0 in stage 1.0 (TID 5) in 3643 ms on c471eff09fbd (executor driver) (51/64)
25/08/17 13:49:34 INFO TaskSetManager: Finished task 42.0 in stage 1.0 (TID 43) in 3604 ms on c471eff09fbd (executor driver) (52/64)
25/08/17 13:49:34 INFO TaskSetManager: Finished task 14.0 in stage 1.0 (TID 15) in 3632 ms on c471eff09fbd (executor driver) (53/64)
25/08/17 13:49:34 INFO Executor: Finished task 24.0 in stage 1.0 (TID 25). 3514 bytes result sent to driver
25/08/17 13:49:34 INFO Executor: Finished task 53.0 in stage 1.0 (TID 54). 3514 bytes result sent to driver
25/08/17 13:49:34 INFO MemoryStore: Block rdd_6_36 stored as values in memory (estimated size 970.0 KiB, free 379.2 MiB)
25/08/17 13:49:34 INFO BlockManagerInfo: Added rdd_6_36 in memory on c471eff09fbd:36195 (size: 970.0 KiB, free: 379.4 MiB)
25/08/17 13:49:34 INFO TaskSetManager: Finished task 24.0 in stage 1.0 (TID 25) in 3624 ms on c471eff09fbd (executor driver) (54/64)
25/08/17 13:49:34 INFO TaskSetManager: Finished task 53.0 in stage 1.0 (TID 54) in 3596 ms on c471eff09fbd (executor driver) (55/64)
25/08/17 13:49:34 INFO MemoryStore: Block rdd_6_27 stored as values in memory (estimated size 970.0 KiB, free 378.3 MiB)
25/08/17 13:49:34 INFO Executor: Finished task 39.0 in stage 1.0 (TID 40). 3514 bytes result sent to driver
25/08/17 13:49:34 INFO Executor: 1 block locks were not released by task 36.0 in stage 1.0 (TID 37)
[rdd_6_36]
25/08/17 13:49:34 INFO BlockManagerInfo: Added rdd_6_27 in memory on c471eff09fbd:36195 (size: 970.0 KiB, free: 378.5 MiB)
25/08/17 13:49:34 INFO Executor: 1 block locks were not released by task 27.0 in stage 1.0 (TID 28)
[rdd_6_27]
25/08/17 13:49:34 INFO Executor: Finished task 33.0 in stage 1.0 (TID 34). 3514 bytes result sent to driver
25/08/17 13:49:34 INFO TaskSetManager: Finished task 39.0 in stage 1.0 (TID 40) in 3613 ms on c471eff09fbd (executor driver) (56/64)
25/08/17 13:49:34 INFO MemoryStore: Block rdd_6_44 stored as values in memory (estimated size 970.0 KiB, free 377.3 MiB)
25/08/17 13:49:34 INFO Executor: Finished task 36.0 in stage 1.0 (TID 37). 3514 bytes result sent to driver
25/08/17 13:49:34 INFO MemoryStore: Block rdd_6_40 stored as values in memory (estimated size 970.0 KiB, free 375.4 MiB)
25/08/17 13:49:34 INFO MemoryStore: Block rdd_6_28 stored as values in memory (estimated size 970.0 KiB, free 375.4 MiB)
25/08/17 13:49:34 INFO BlockManagerInfo: Added rdd_6_44 in memory on c471eff09fbd:36195 (size: 970.0 KiB, free: 377.5 MiB)
25/08/17 13:49:34 INFO TaskSetManager: Finished task 33.0 in stage 1.0 (TID 34) in 3620 ms on c471eff09fbd (executor driver) (57/64)
25/08/17 13:49:34 INFO BlockManagerInfo: Added rdd_6_40 in memory on c471eff09fbd:36195 (size: 970.0 KiB, free: 376.6 MiB)
25/08/17 13:49:34 INFO MemoryStore: Block rdd_6_46 stored as values in memory (estimated size 970.0 KiB, free 374.5 MiB)
25/08/17 13:49:34 INFO TaskSetManager: Finished task 36.0 in stage 1.0 (TID 37) in 3618 ms on c471eff09fbd (executor driver) (58/64)
25/08/17 13:49:34 INFO BlockManagerInfo: Added rdd_6_28 in memory on c471eff09fbd:36195 (size: 970.0 KiB, free: 375.6 MiB)
25/08/17 13:49:34 INFO Executor: 1 block locks were not released by task 44.0 in stage 1.0 (TID 45)
[rdd_6_44]
25/08/17 13:49:34 INFO Executor: Finished task 27.0 in stage 1.0 (TID 28). 3514 bytes result sent to driver
25/08/17 13:49:34 INFO BlockManagerInfo: Added rdd_6_46 in memory on c471eff09fbd:36195 (size: 970.0 KiB, free: 374.7 MiB)
25/08/17 13:49:34 INFO Executor: 1 block locks were not released by task 40.0 in stage 1.0 (TID 41)
[rdd_6_40]
25/08/17 13:49:34 INFO MemoryStore: Block rdd_6_21 stored as values in memory (estimated size 970.0 KiB, free 373.5 MiB)
25/08/17 13:49:34 INFO Executor: 1 block locks were not released by task 28.0 in stage 1.0 (TID 29)
[rdd_6_28]
25/08/17 13:49:34 INFO Executor: 1 block locks were not released by task 46.0 in stage 1.0 (TID 47)
[rdd_6_46]
25/08/17 13:49:34 INFO BlockManagerInfo: Added rdd_6_21 in memory on c471eff09fbd:36195 (size: 970.0 KiB, free: 373.7 MiB)
25/08/17 13:49:34 INFO TaskSetManager: Finished task 27.0 in stage 1.0 (TID 28) in 3628 ms on c471eff09fbd (executor driver) (59/64)
25/08/17 13:49:34 INFO Executor: 1 block locks were not released by task 21.0 in stage 1.0 (TID 22)
[rdd_6_21]
25/08/17 13:49:34 INFO Executor: Finished task 46.0 in stage 1.0 (TID 47). 3514 bytes result sent to driver
25/08/17 13:49:34 INFO Executor: Finished task 44.0 in stage 1.0 (TID 45). 3514 bytes result sent to driver
25/08/17 13:49:34 INFO TaskSetManager: Finished task 46.0 in stage 1.0 (TID 47) in 3615 ms on c471eff09fbd (executor driver) (60/64)
25/08/17 13:49:34 INFO Executor: Finished task 28.0 in stage 1.0 (TID 29). 3514 bytes result sent to driver
25/08/17 13:49:34 INFO TaskSetManager: Finished task 44.0 in stage 1.0 (TID 45) in 3618 ms on c471eff09fbd (executor driver) (61/64)
25/08/17 13:49:34 INFO Executor: Finished task 40.0 in stage 1.0 (TID 41). 3514 bytes result sent to driver
25/08/17 13:49:34 INFO TaskSetManager: Finished task 28.0 in stage 1.0 (TID 29) in 3635 ms on c471eff09fbd (executor driver) (62/64)
25/08/17 13:49:34 INFO TaskSetManager: Finished task 40.0 in stage 1.0 (TID 41) in 3625 ms on c471eff09fbd (executor driver) (63/64)
25/08/17 13:49:34 INFO Executor: Finished task 21.0 in stage 1.0 (TID 22). 3514 bytes result sent to driver
25/08/17 13:49:34 INFO TaskSetManager: Finished task 21.0 in stage 1.0 (TID 22) in 3645 ms on c471eff09fbd (executor driver) (64/64)
25/08/17 13:49:34 INFO TaskSchedulerImpl: Removed TaskSet 1.0, whose tasks have all completed, from pool 
25/08/17 13:49:34 INFO DAGScheduler: ResultStage 1 (count at RapidsCacheAnalysisDemo.scala:34) finished in 3.808 s
25/08/17 13:49:34 INFO DAGScheduler: Job 1 is finished. Cancelling potential speculative or zombie tasks for this job
25/08/17 13:49:34 INFO TaskSchedulerImpl: Killing all running tasks in stage 1: Stage finished
25/08/17 13:49:34 INFO GpuOverrides: Plan conversion to the GPU took 5.38 ms
25/08/17 13:49:34 INFO GpuOverrides: Plan conversion to the GPU took 3.46 ms
25/08/17 13:49:34 INFO GpuOverrides: GPU plan transition optimization took 5.94 ms
25/08/17 13:49:34 INFO DAGScheduler: Registering RDD 16 (submitShuffleJob$ at GpuShuffleExchangeExec.scala:56) as input to shuffle 0
25/08/17 13:49:34 INFO DAGScheduler: Got map stage job 2 (submitShuffleJob$ at GpuShuffleExchangeExec.scala:56) with 64 output partitions
25/08/17 13:49:34 INFO DAGScheduler: Final stage: ShuffleMapStage 2 (submitShuffleJob$ at GpuShuffleExchangeExec.scala:56)
25/08/17 13:49:34 INFO DAGScheduler: Parents of final stage: List()
25/08/17 13:49:34 INFO DAGScheduler: Missing parents: List()
25/08/17 13:49:34 INFO DAGScheduler: Submitting ShuffleMapStage 2 (MapPartitionsRDD[16] at submitShuffleJob$ at GpuShuffleExchangeExec.scala:56), which has no missing parents
25/08/17 13:49:34 INFO MemoryStore: Block broadcast_3 stored as values in memory (estimated size 45.8 KiB, free 373.5 MiB)
25/08/17 13:49:34 INFO MemoryStore: Block broadcast_3_piece0 stored as bytes in memory (estimated size 21.2 KiB, free 373.5 MiB)
25/08/17 13:49:34 INFO BlockManagerInfo: Added broadcast_3_piece0 in memory on c471eff09fbd:36195 (size: 21.2 KiB, free: 373.7 MiB)
25/08/17 13:49:34 INFO SparkContext: Created broadcast 3 from broadcast at DAGScheduler.scala:1611
25/08/17 13:49:34 INFO DAGScheduler: Submitting 64 missing tasks from ShuffleMapStage 2 (MapPartitionsRDD[16] at submitShuffleJob$ at GpuShuffleExchangeExec.scala:56) (first 15 tasks are for partitions Vector(0, 1, 2, 3, 4, 5, 6, 7, 8, 9, 10, 11, 12, 13, 14))
25/08/17 13:49:34 INFO TaskSchedulerImpl: Adding task set 2.0 with 64 tasks resource profile 0
25/08/17 13:49:34 INFO TaskSetManager: Starting task 0.0 in stage 2.0 (TID 65) (c471eff09fbd, executor driver, partition 0, PROCESS_LOCAL, 10404 bytes) 
25/08/17 13:49:34 INFO TaskSetManager: Starting task 1.0 in stage 2.0 (TID 66) (c471eff09fbd, executor driver, partition 1, PROCESS_LOCAL, 10404 bytes) 
25/08/17 13:49:34 INFO TaskSetManager: Starting task 2.0 in stage 2.0 (TID 67) (c471eff09fbd, executor driver, partition 2, PROCESS_LOCAL, 10404 bytes) 
25/08/17 13:49:34 INFO TaskSetManager: Starting task 3.0 in stage 2.0 (TID 68) (c471eff09fbd, executor driver, partition 3, PROCESS_LOCAL, 10404 bytes) 
25/08/17 13:49:34 INFO TaskSetManager: Starting task 4.0 in stage 2.0 (TID 69) (c471eff09fbd, executor driver, partition 4, PROCESS_LOCAL, 10404 bytes) 
25/08/17 13:49:34 INFO TaskSetManager: Starting task 5.0 in stage 2.0 (TID 70) (c471eff09fbd, executor driver, partition 5, PROCESS_LOCAL, 10404 bytes) 
25/08/17 13:49:34 INFO TaskSetManager: Starting task 6.0 in stage 2.0 (TID 71) (c471eff09fbd, executor driver, partition 6, PROCESS_LOCAL, 10404 bytes) 
25/08/17 13:49:34 INFO TaskSetManager: Starting task 7.0 in stage 2.0 (TID 72) (c471eff09fbd, executor driver, partition 7, PROCESS_LOCAL, 10404 bytes) 
25/08/17 13:49:34 INFO TaskSetManager: Starting task 8.0 in stage 2.0 (TID 73) (c471eff09fbd, executor driver, partition 8, PROCESS_LOCAL, 10404 bytes) 
25/08/17 13:49:34 INFO TaskSetManager: Starting task 9.0 in stage 2.0 (TID 74) (c471eff09fbd, executor driver, partition 9, PROCESS_LOCAL, 10404 bytes) 
25/08/17 13:49:34 INFO TaskSetManager: Starting task 10.0 in stage 2.0 (TID 75) (c471eff09fbd, executor driver, partition 10, PROCESS_LOCAL, 10404 bytes) 
25/08/17 13:49:34 INFO TaskSetManager: Starting task 11.0 in stage 2.0 (TID 76) (c471eff09fbd, executor driver, partition 11, PROCESS_LOCAL, 10404 bytes) 
25/08/17 13:49:34 INFO TaskSetManager: Starting task 12.0 in stage 2.0 (TID 77) (c471eff09fbd, executor driver, partition 12, PROCESS_LOCAL, 10404 bytes) 
25/08/17 13:49:34 INFO TaskSetManager: Starting task 13.0 in stage 2.0 (TID 78) (c471eff09fbd, executor driver, partition 13, PROCESS_LOCAL, 10404 bytes) 
25/08/17 13:49:34 INFO TaskSetManager: Starting task 14.0 in stage 2.0 (TID 79) (c471eff09fbd, executor driver, partition 14, PROCESS_LOCAL, 10404 bytes) 
25/08/17 13:49:34 INFO TaskSetManager: Starting task 15.0 in stage 2.0 (TID 80) (c471eff09fbd, executor driver, partition 15, PROCESS_LOCAL, 10404 bytes) 
25/08/17 13:49:34 INFO TaskSetManager: Starting task 16.0 in stage 2.0 (TID 81) (c471eff09fbd, executor driver, partition 16, PROCESS_LOCAL, 10404 bytes) 
25/08/17 13:49:34 INFO TaskSetManager: Starting task 17.0 in stage 2.0 (TID 82) (c471eff09fbd, executor driver, partition 17, PROCESS_LOCAL, 10404 bytes) 
25/08/17 13:49:34 INFO TaskSetManager: Starting task 18.0 in stage 2.0 (TID 83) (c471eff09fbd, executor driver, partition 18, PROCESS_LOCAL, 10404 bytes) 
25/08/17 13:49:34 INFO TaskSetManager: Starting task 19.0 in stage 2.0 (TID 84) (c471eff09fbd, executor driver, partition 19, PROCESS_LOCAL, 10404 bytes) 
25/08/17 13:49:34 INFO TaskSetManager: Starting task 20.0 in stage 2.0 (TID 85) (c471eff09fbd, executor driver, partition 20, PROCESS_LOCAL, 10404 bytes) 
25/08/17 13:49:34 INFO TaskSetManager: Starting task 21.0 in stage 2.0 (TID 86) (c471eff09fbd, executor driver, partition 21, PROCESS_LOCAL, 10404 bytes) 
25/08/17 13:49:34 INFO TaskSetManager: Starting task 22.0 in stage 2.0 (TID 87) (c471eff09fbd, executor driver, partition 22, PROCESS_LOCAL, 10404 bytes) 
25/08/17 13:49:34 INFO TaskSetManager: Starting task 23.0 in stage 2.0 (TID 88) (c471eff09fbd, executor driver, partition 23, PROCESS_LOCAL, 10404 bytes) 
25/08/17 13:49:34 INFO TaskSetManager: Starting task 24.0 in stage 2.0 (TID 89) (c471eff09fbd, executor driver, partition 24, PROCESS_LOCAL, 10404 bytes) 
25/08/17 13:49:34 INFO TaskSetManager: Starting task 25.0 in stage 2.0 (TID 90) (c471eff09fbd, executor driver, partition 25, PROCESS_LOCAL, 10404 bytes) 
25/08/17 13:49:34 INFO TaskSetManager: Starting task 26.0 in stage 2.0 (TID 91) (c471eff09fbd, executor driver, partition 26, PROCESS_LOCAL, 10404 bytes) 
25/08/17 13:49:34 INFO TaskSetManager: Starting task 27.0 in stage 2.0 (TID 92) (c471eff09fbd, executor driver, partition 27, PROCESS_LOCAL, 10404 bytes) 
25/08/17 13:49:34 INFO TaskSetManager: Starting task 28.0 in stage 2.0 (TID 93) (c471eff09fbd, executor driver, partition 28, PROCESS_LOCAL, 10404 bytes) 
25/08/17 13:49:34 INFO TaskSetManager: Starting task 29.0 in stage 2.0 (TID 94) (c471eff09fbd, executor driver, partition 29, PROCESS_LOCAL, 10404 bytes) 
25/08/17 13:49:34 INFO TaskSetManager: Starting task 30.0 in stage 2.0 (TID 95) (c471eff09fbd, executor driver, partition 30, PROCESS_LOCAL, 10404 bytes) 
25/08/17 13:49:34 INFO TaskSetManager: Starting task 31.0 in stage 2.0 (TID 96) (c471eff09fbd, executor driver, partition 31, PROCESS_LOCAL, 10404 bytes) 
25/08/17 13:49:34 INFO TaskSetManager: Starting task 32.0 in stage 2.0 (TID 97) (c471eff09fbd, executor driver, partition 32, PROCESS_LOCAL, 10404 bytes) 
25/08/17 13:49:34 INFO TaskSetManager: Starting task 33.0 in stage 2.0 (TID 98) (c471eff09fbd, executor driver, partition 33, PROCESS_LOCAL, 10404 bytes) 
25/08/17 13:49:34 INFO TaskSetManager: Starting task 34.0 in stage 2.0 (TID 99) (c471eff09fbd, executor driver, partition 34, PROCESS_LOCAL, 10404 bytes) 
25/08/17 13:49:34 INFO TaskSetManager: Starting task 35.0 in stage 2.0 (TID 100) (c471eff09fbd, executor driver, partition 35, PROCESS_LOCAL, 10404 bytes) 
25/08/17 13:49:34 INFO TaskSetManager: Starting task 36.0 in stage 2.0 (TID 101) (c471eff09fbd, executor driver, partition 36, PROCESS_LOCAL, 10404 bytes) 
25/08/17 13:49:34 INFO TaskSetManager: Starting task 37.0 in stage 2.0 (TID 102) (c471eff09fbd, executor driver, partition 37, PROCESS_LOCAL, 10404 bytes) 
25/08/17 13:49:34 INFO TaskSetManager: Starting task 38.0 in stage 2.0 (TID 103) (c471eff09fbd, executor driver, partition 38, PROCESS_LOCAL, 10404 bytes) 
25/08/17 13:49:34 INFO TaskSetManager: Starting task 39.0 in stage 2.0 (TID 104) (c471eff09fbd, executor driver, partition 39, PROCESS_LOCAL, 10404 bytes) 
25/08/17 13:49:34 INFO TaskSetManager: Starting task 40.0 in stage 2.0 (TID 105) (c471eff09fbd, executor driver, partition 40, PROCESS_LOCAL, 10404 bytes) 
25/08/17 13:49:34 INFO TaskSetManager: Starting task 41.0 in stage 2.0 (TID 106) (c471eff09fbd, executor driver, partition 41, PROCESS_LOCAL, 10404 bytes) 
25/08/17 13:49:34 INFO TaskSetManager: Starting task 42.0 in stage 2.0 (TID 107) (c471eff09fbd, executor driver, partition 42, PROCESS_LOCAL, 10404 bytes) 
25/08/17 13:49:34 INFO TaskSetManager: Starting task 43.0 in stage 2.0 (TID 108) (c471eff09fbd, executor driver, partition 43, PROCESS_LOCAL, 10404 bytes) 
25/08/17 13:49:34 INFO TaskSetManager: Starting task 44.0 in stage 2.0 (TID 109) (c471eff09fbd, executor driver, partition 44, PROCESS_LOCAL, 10404 bytes) 
25/08/17 13:49:34 INFO TaskSetManager: Starting task 45.0 in stage 2.0 (TID 110) (c471eff09fbd, executor driver, partition 45, PROCESS_LOCAL, 10404 bytes) 
25/08/17 13:49:34 INFO TaskSetManager: Starting task 46.0 in stage 2.0 (TID 111) (c471eff09fbd, executor driver, partition 46, PROCESS_LOCAL, 10404 bytes) 
25/08/17 13:49:34 INFO TaskSetManager: Starting task 47.0 in stage 2.0 (TID 112) (c471eff09fbd, executor driver, partition 47, PROCESS_LOCAL, 10404 bytes) 
25/08/17 13:49:34 INFO TaskSetManager: Starting task 48.0 in stage 2.0 (TID 113) (c471eff09fbd, executor driver, partition 48, PROCESS_LOCAL, 10404 bytes) 
25/08/17 13:49:34 INFO TaskSetManager: Starting task 49.0 in stage 2.0 (TID 114) (c471eff09fbd, executor driver, partition 49, PROCESS_LOCAL, 10404 bytes) 
25/08/17 13:49:34 INFO TaskSetManager: Starting task 50.0 in stage 2.0 (TID 115) (c471eff09fbd, executor driver, partition 50, PROCESS_LOCAL, 10404 bytes) 
25/08/17 13:49:34 INFO TaskSetManager: Starting task 51.0 in stage 2.0 (TID 116) (c471eff09fbd, executor driver, partition 51, PROCESS_LOCAL, 10404 bytes) 
25/08/17 13:49:34 INFO TaskSetManager: Starting task 52.0 in stage 2.0 (TID 117) (c471eff09fbd, executor driver, partition 52, PROCESS_LOCAL, 10404 bytes) 
25/08/17 13:49:34 INFO TaskSetManager: Starting task 53.0 in stage 2.0 (TID 118) (c471eff09fbd, executor driver, partition 53, PROCESS_LOCAL, 10404 bytes) 
25/08/17 13:49:34 INFO TaskSetManager: Starting task 54.0 in stage 2.0 (TID 119) (c471eff09fbd, executor driver, partition 54, PROCESS_LOCAL, 10404 bytes) 
25/08/17 13:49:34 INFO TaskSetManager: Starting task 55.0 in stage 2.0 (TID 120) (c471eff09fbd, executor driver, partition 55, PROCESS_LOCAL, 10404 bytes) 
25/08/17 13:49:34 INFO TaskSetManager: Starting task 56.0 in stage 2.0 (TID 121) (c471eff09fbd, executor driver, partition 56, PROCESS_LOCAL, 10404 bytes) 
25/08/17 13:49:34 INFO TaskSetManager: Starting task 57.0 in stage 2.0 (TID 122) (c471eff09fbd, executor driver, partition 57, PROCESS_LOCAL, 10404 bytes) 
25/08/17 13:49:34 INFO TaskSetManager: Starting task 58.0 in stage 2.0 (TID 123) (c471eff09fbd, executor driver, partition 58, PROCESS_LOCAL, 10404 bytes) 
25/08/17 13:49:34 INFO TaskSetManager: Starting task 59.0 in stage 2.0 (TID 124) (c471eff09fbd, executor driver, partition 59, PROCESS_LOCAL, 10404 bytes) 
25/08/17 13:49:34 INFO TaskSetManager: Starting task 60.0 in stage 2.0 (TID 125) (c471eff09fbd, executor driver, partition 60, PROCESS_LOCAL, 10404 bytes) 
25/08/17 13:49:34 INFO TaskSetManager: Starting task 61.0 in stage 2.0 (TID 126) (c471eff09fbd, executor driver, partition 61, PROCESS_LOCAL, 10404 bytes) 
25/08/17 13:49:34 INFO TaskSetManager: Starting task 62.0 in stage 2.0 (TID 127) (c471eff09fbd, executor driver, partition 62, PROCESS_LOCAL, 10404 bytes) 
25/08/17 13:49:34 INFO TaskSetManager: Starting task 63.0 in stage 2.0 (TID 128) (c471eff09fbd, executor driver, partition 63, PROCESS_LOCAL, 10404 bytes) 
25/08/17 13:49:34 INFO Executor: Running task 1.0 in stage 2.0 (TID 66)
25/08/17 13:49:34 INFO Executor: Running task 2.0 in stage 2.0 (TID 67)
25/08/17 13:49:34 INFO Executor: Running task 0.0 in stage 2.0 (TID 65)
25/08/17 13:49:34 INFO Executor: Running task 3.0 in stage 2.0 (TID 68)
25/08/17 13:49:34 INFO Executor: Running task 5.0 in stage 2.0 (TID 70)
25/08/17 13:49:34 INFO Executor: Running task 7.0 in stage 2.0 (TID 72)
25/08/17 13:49:34 INFO Executor: Running task 8.0 in stage 2.0 (TID 73)
25/08/17 13:49:34 INFO Executor: Running task 10.0 in stage 2.0 (TID 75)
25/08/17 13:49:34 INFO Executor: Running task 9.0 in stage 2.0 (TID 74)
25/08/17 13:49:34 INFO Executor: Running task 4.0 in stage 2.0 (TID 69)
25/08/17 13:49:34 INFO Executor: Running task 12.0 in stage 2.0 (TID 77)
25/08/17 13:49:34 INFO Executor: Running task 6.0 in stage 2.0 (TID 71)
25/08/17 13:49:34 INFO Executor: Running task 11.0 in stage 2.0 (TID 76)
25/08/17 13:49:34 INFO Executor: Running task 14.0 in stage 2.0 (TID 79)
25/08/17 13:49:34 INFO Executor: Running task 16.0 in stage 2.0 (TID 81)
25/08/17 13:49:34 INFO Executor: Running task 13.0 in stage 2.0 (TID 78)
25/08/17 13:49:34 INFO Executor: Running task 15.0 in stage 2.0 (TID 80)
25/08/17 13:49:34 INFO Executor: Running task 20.0 in stage 2.0 (TID 85)
25/08/17 13:49:34 INFO Executor: Running task 18.0 in stage 2.0 (TID 83)
25/08/17 13:49:34 INFO Executor: Running task 19.0 in stage 2.0 (TID 84)
25/08/17 13:49:34 INFO Executor: Running task 22.0 in stage 2.0 (TID 87)
25/08/17 13:49:34 INFO Executor: Running task 21.0 in stage 2.0 (TID 86)
25/08/17 13:49:34 INFO Executor: Running task 17.0 in stage 2.0 (TID 82)
25/08/17 13:49:34 INFO Executor: Running task 24.0 in stage 2.0 (TID 89)
25/08/17 13:49:34 INFO Executor: Running task 26.0 in stage 2.0 (TID 91)
25/08/17 13:49:34 INFO Executor: Running task 23.0 in stage 2.0 (TID 88)
25/08/17 13:49:34 INFO Executor: Running task 25.0 in stage 2.0 (TID 90)
25/08/17 13:49:34 INFO Executor: Running task 27.0 in stage 2.0 (TID 92)
25/08/17 13:49:34 INFO Executor: Running task 28.0 in stage 2.0 (TID 93)
25/08/17 13:49:34 INFO Executor: Running task 29.0 in stage 2.0 (TID 94)
25/08/17 13:49:34 INFO Executor: Running task 31.0 in stage 2.0 (TID 96)
25/08/17 13:49:34 INFO Executor: Running task 30.0 in stage 2.0 (TID 95)
25/08/17 13:49:34 INFO Executor: Running task 32.0 in stage 2.0 (TID 97)
25/08/17 13:49:34 INFO Executor: Running task 34.0 in stage 2.0 (TID 99)
25/08/17 13:49:34 INFO Executor: Running task 33.0 in stage 2.0 (TID 98)
25/08/17 13:49:34 INFO Executor: Running task 35.0 in stage 2.0 (TID 100)
25/08/17 13:49:34 INFO Executor: Running task 36.0 in stage 2.0 (TID 101)
25/08/17 13:49:34 INFO Executor: Running task 40.0 in stage 2.0 (TID 105)
25/08/17 13:49:34 INFO Executor: Running task 37.0 in stage 2.0 (TID 102)
25/08/17 13:49:34 INFO Executor: Running task 42.0 in stage 2.0 (TID 107)
25/08/17 13:49:34 INFO Executor: Running task 38.0 in stage 2.0 (TID 103)
25/08/17 13:49:34 INFO Executor: Running task 41.0 in stage 2.0 (TID 106)
25/08/17 13:49:34 INFO Executor: Running task 39.0 in stage 2.0 (TID 104)
25/08/17 13:49:34 INFO Executor: Running task 44.0 in stage 2.0 (TID 109)
25/08/17 13:49:34 INFO Executor: Running task 45.0 in stage 2.0 (TID 110)
25/08/17 13:49:34 INFO Executor: Running task 46.0 in stage 2.0 (TID 111)
25/08/17 13:49:34 INFO Executor: Running task 43.0 in stage 2.0 (TID 108)
25/08/17 13:49:34 INFO Executor: Running task 51.0 in stage 2.0 (TID 116)
25/08/17 13:49:34 INFO Executor: Running task 47.0 in stage 2.0 (TID 112)
25/08/17 13:49:34 INFO Executor: Running task 49.0 in stage 2.0 (TID 114)
25/08/17 13:49:34 INFO Executor: Running task 48.0 in stage 2.0 (TID 113)
25/08/17 13:49:34 INFO Executor: Running task 50.0 in stage 2.0 (TID 115)
25/08/17 13:49:34 INFO Executor: Running task 53.0 in stage 2.0 (TID 118)
25/08/17 13:49:34 INFO SparkResourceAdaptor: startDedicatedTaskThread: threadId: 140413274945088, task id: 76
25/08/17 13:49:34 INFO Executor: Running task 57.0 in stage 2.0 (TID 122)
25/08/17 13:49:34 INFO Executor: Running task 52.0 in stage 2.0 (TID 117)
25/08/17 13:49:34 INFO Executor: Running task 55.0 in stage 2.0 (TID 120)
25/08/17 13:49:34 INFO Executor: Running task 54.0 in stage 2.0 (TID 119)
25/08/17 13:49:34 INFO Executor: Running task 61.0 in stage 2.0 (TID 126)
25/08/17 13:49:34 INFO Executor: Running task 58.0 in stage 2.0 (TID 123)
25/08/17 13:49:34 INFO Executor: Running task 56.0 in stage 2.0 (TID 121)
25/08/17 13:49:34 INFO Executor: Running task 62.0 in stage 2.0 (TID 127)
25/08/17 13:49:34 INFO Executor: Running task 59.0 in stage 2.0 (TID 124)
25/08/17 13:49:34 INFO SparkResourceAdaptor: startDedicatedTaskThread: threadId: 140413264459328, task id: 75
25/08/17 13:49:34 INFO Executor: Running task 60.0 in stage 2.0 (TID 125)
25/08/17 13:49:34 INFO Executor: Running task 63.0 in stage 2.0 (TID 128)
25/08/17 13:49:34 INFO SparkResourceAdaptor: startDedicatedTaskThread: threadId: 140413225662016, task id: 99
25/08/17 13:49:34 INFO SparkResourceAdaptor: startDedicatedTaskThread: threadId: 140413245584960, task id: 66
25/08/17 13:49:34 INFO SparkResourceAdaptor: startDedicatedTaskThread: threadId: 140413237196352, task id: 103
25/08/17 13:49:34 INFO SparkResourceAdaptor: startDedicatedTaskThread: threadId: 140413265507904, task id: 111
25/08/17 13:49:34 INFO SparkResourceAdaptor: startDedicatedTaskThread: threadId: 140413267605056, task id: 65
25/08/17 13:49:34 INFO SparkResourceAdaptor: startDedicatedTaskThread: threadId: 140413241390656, task id: 68
25/08/17 13:49:34 INFO SparkResourceAdaptor: startDedicatedTaskThread: threadId: 140413257119296, task id: 85
25/08/17 13:49:34 INFO SparkResourceAdaptor: startDedicatedTaskThread: threadId: 140413247682112, task id: 73
25/08/17 13:49:34 INFO SparkResourceAdaptor: startDedicatedTaskThread: threadId: 140413244536384, task id: 87
25/08/17 13:49:34 INFO SparkResourceAdaptor: startDedicatedTaskThread: threadId: 140413260265024, task id: 67
25/08/17 13:49:34 INFO SparkResourceAdaptor: startDedicatedTaskThread: threadId: 140413235099200, task id: 86
25/08/17 13:49:34 INFO SparkResourceAdaptor: startDedicatedTaskThread: threadId: 140413270750784, task id: 84
25/08/17 13:49:34 INFO SparkResourceAdaptor: startDedicatedTaskThread: threadId: 140413252924992, task id: 82
25/08/17 13:49:34 INFO SparkResourceAdaptor: startDedicatedTaskThread: threadId: 140413242439232, task id: 80
25/08/17 13:49:34 INFO SparkResourceAdaptor: startDedicatedTaskThread: threadId: 140413268653632, task id: 92
25/08/17 13:49:34 INFO SparkResourceAdaptor: startDedicatedTaskThread: threadId: 140413256070720, task id: 83
25/08/17 13:49:34 INFO SparkResourceAdaptor: startDedicatedTaskThread: threadId: 140413238244928, task id: 93
25/08/17 13:49:34 INFO SparkResourceAdaptor: startDedicatedTaskThread: threadId: 140413250827840, task id: 71
25/08/17 13:49:34 INFO SparkResourceAdaptor: startDedicatedTaskThread: threadId: 140413272847936, task id: 79
25/08/17 13:49:34 INFO SparkResourceAdaptor: startDedicatedTaskThread: threadId: 140413285430848, task id: 78
25/08/17 13:49:34 INFO SparkResourceAdaptor: startDedicatedTaskThread: threadId: 140413283333696, task id: 81
25/08/17 13:49:34 INFO SparkResourceAdaptor: startDedicatedTaskThread: threadId: 140413263410752, task id: 119
25/08/17 13:49:34 INFO SparkResourceAdaptor: startDedicatedTaskThread: threadId: 140413891507776, task id: 112
25/08/17 13:49:34 INFO SparkResourceAdaptor: startDedicatedTaskThread: threadId: 140413233002048, task id: 107
25/08/17 13:49:34 INFO SparkResourceAdaptor: startDedicatedTaskThread: threadId: 140413239293504, task id: 69
25/08/17 13:49:34 INFO SparkResourceAdaptor: startDedicatedTaskThread: threadId: 140413243487808, task id: 77
25/08/17 13:49:34 INFO SparkResourceAdaptor: startDedicatedTaskThread: threadId: 140413253973568, task id: 72
25/08/17 13:49:34 INFO SparkResourceAdaptor: startDedicatedTaskThread: threadId: 140413261313600, task id: 70
25/08/17 13:49:34 INFO SparkResourceAdaptor: startDedicatedTaskThread: threadId: 140418348168768, task id: 116
25/08/17 13:49:34 INFO SparkResourceAdaptor: startDedicatedTaskThread: threadId: 140413231953472, task id: 74
25/08/17 13:49:34 INFO SparkResourceAdaptor: startDedicatedTaskThread: threadId: 140413222516288, task id: 114
25/08/17 13:49:34 INFO SparkResourceAdaptor: startDedicatedTaskThread: threadId: 140413229856320, task id: 118
25/08/17 13:49:34 INFO SparkResourceAdaptor: startDedicatedTaskThread: threadId: 140413224613440, task id: 108
25/08/17 13:49:34 INFO SparkResourceAdaptor: startDedicatedTaskThread: threadId: 140413890459200, task id: 126
25/08/17 13:49:34 INFO SparkResourceAdaptor: startDedicatedTaskThread: threadId: 140413255022144, task id: 127
25/08/17 13:49:34 INFO SparkResourceAdaptor: startDedicatedTaskThread: threadId: 140413266556480, task id: 110
25/08/17 13:49:34 INFO SparkResourceAdaptor: startDedicatedTaskThread: threadId: 140413892556352, task id: 125
25/08/17 13:49:34 INFO SparkResourceAdaptor: startDedicatedTaskThread: threadId: 140413228807744, task id: 113
25/08/17 13:49:34 INFO SparkResourceAdaptor: startDedicatedTaskThread: threadId: 140413277042240, task id: 109
25/08/17 13:49:34 INFO SparkResourceAdaptor: startDedicatedTaskThread: threadId: 140413278090816, task id: 128
25/08/17 13:49:34 INFO SparkResourceAdaptor: startDedicatedTaskThread: threadId: 140413230904896, task id: 106
25/08/17 13:49:34 INFO SparkResourceAdaptor: startDedicatedTaskThread: threadId: 140413223564864, task id: 98
25/08/17 13:49:34 INFO SparkResourceAdaptor: startDedicatedTaskThread: threadId: 140413227759168, task id: 104
25/08/17 13:49:34 INFO SparkResourceAdaptor: startDedicatedTaskThread: threadId: 140413221467712, task id: 102
25/08/17 13:49:34 INFO SparkResourceAdaptor: startDedicatedTaskThread: threadId: 140413240342080, task id: 100
25/08/17 13:49:34 INFO SparkResourceAdaptor: startDedicatedTaskThread: threadId: 140413234050624, task id: 105
25/08/17 13:49:34 INFO SparkResourceAdaptor: startDedicatedTaskThread: threadId: 140413236147776, task id: 97
25/08/17 13:49:34 INFO SparkResourceAdaptor: startDedicatedTaskThread: threadId: 140413251876416, task id: 101
25/08/17 13:49:34 INFO SparkResourceAdaptor: startDedicatedTaskThread: threadId: 140413226710592, task id: 96
25/08/17 13:49:34 INFO SparkResourceAdaptor: startDedicatedTaskThread: threadId: 140413249779264, task id: 95
25/08/17 13:49:34 INFO SparkResourceAdaptor: startDedicatedTaskThread: threadId: 140413248730688, task id: 94
25/08/17 13:49:34 INFO SparkResourceAdaptor: startDedicatedTaskThread: threadId: 140413271799360, task id: 90
25/08/17 13:49:34 INFO SparkResourceAdaptor: startDedicatedTaskThread: threadId: 140413279139392, task id: 89
25/08/17 13:49:34 INFO SparkResourceAdaptor: startDedicatedTaskThread: threadId: 140413258167872, task id: 88
25/08/17 13:49:34 INFO SparkResourceAdaptor: startDedicatedTaskThread: threadId: 140413262362176, task id: 91
25/08/17 13:49:34 INFO SparkResourceAdaptor: startDedicatedTaskThread: threadId: 140413284382272, task id: 123
25/08/17 13:49:34 INFO SparkResourceAdaptor: startDedicatedTaskThread: threadId: 140413275993664, task id: 124
25/08/17 13:49:34 INFO SparkResourceAdaptor: startDedicatedTaskThread: threadId: 140413269702208, task id: 121
25/08/17 13:49:34 INFO SparkResourceAdaptor: startDedicatedTaskThread: threadId: 140413282285120, task id: 117
25/08/17 13:49:34 INFO SparkResourceAdaptor: startDedicatedTaskThread: threadId: 140413273896512, task id: 120
25/08/17 13:49:34 INFO SparkResourceAdaptor: startDedicatedTaskThread: threadId: 140413281236544, task id: 115
25/08/17 13:49:34 INFO SparkResourceAdaptor: startDedicatedTaskThread: threadId: 140413280187968, task id: 122
25/08/17 13:49:35 INFO BlockManager: Found block rdd_6_15 locally
25/08/17 13:49:35 INFO BlockManager: Found block rdd_6_14 locally
25/08/17 13:49:35 INFO BlockManager: Found block rdd_6_34 locally
25/08/17 13:49:35 INFO BlockManager: Found block rdd_6_45 locally
25/08/17 13:49:35 INFO BlockManager: Found block rdd_6_53 locally
25/08/17 13:49:35 INFO BlockManager: Found block rdd_6_25 locally
25/08/17 13:49:35 INFO BlockManager: Found block rdd_6_37 locally
25/08/17 13:49:35 INFO BlockManager: Found block rdd_6_16 locally
25/08/17 13:49:35 INFO BlockManager: Found block rdd_6_5 locally
25/08/17 13:49:35 INFO BlockManager: Found block rdd_6_47 locally
25/08/17 13:49:35 INFO BlockManager: Found block rdd_6_44 locally
25/08/17 13:49:35 INFO BlockManager: Found block rdd_6_31 locally
25/08/17 13:49:35 INFO BlockManager: Found block rdd_6_21 locally
25/08/17 13:49:35 INFO BlockManager: Found block rdd_6_2 locally
25/08/17 13:49:35 INFO BlockManager: Found block rdd_6_18 locally
25/08/17 13:49:35 INFO BlockManager: Found block rdd_6_43 locally
25/08/17 13:49:35 INFO BlockManager: Found block rdd_6_28 locally
25/08/17 13:49:35 INFO BlockManager: Found block rdd_6_42 locally
25/08/17 13:49:35 INFO BlockManager: Found block rdd_6_30 locally
25/08/17 13:49:35 INFO BlockManager: Found block rdd_6_40 locally
25/08/17 13:49:35 INFO BlockManager: Found block rdd_6_4 locally
25/08/17 13:49:35 INFO BlockManager: Found block rdd_6_12 locally
25/08/17 13:49:35 INFO BlockManager: Found block rdd_6_59 locally
25/08/17 13:49:35 INFO BlockManager: Found block rdd_6_8 locally
25/08/17 13:49:35 INFO BlockManager: Found block rdd_6_46 locally
25/08/17 13:49:35 INFO BlockManager: Found block rdd_6_26 locally
25/08/17 13:49:35 INFO BlockManager: Found block rdd_6_9 locally
25/08/17 13:49:35 INFO BlockManager: Found block rdd_6_22 locally
25/08/17 13:49:35 INFO BlockManager: Found block rdd_6_39 locally
25/08/17 13:49:35 INFO BlockManager: Found block rdd_6_24 locally
25/08/17 13:49:35 INFO BlockManager: Found block rdd_6_60 locally
25/08/17 13:49:35 INFO BlockManager: Found block rdd_6_0 locally
25/08/17 13:49:35 INFO BlockManager: Found block rdd_6_55 locally
25/08/17 13:49:35 INFO BlockManager: Found block rdd_6_56 locally
25/08/17 13:49:35 INFO BlockManager: Found block rdd_6_17 locally
25/08/17 13:49:35 INFO BlockManager: Found block rdd_6_29 locally
25/08/17 13:49:35 INFO BlockManager: Found block rdd_6_6 locally
25/08/17 13:49:35 INFO BlockManager: Found block rdd_6_48 locally
25/08/17 13:49:35 INFO BlockManager: Found block rdd_6_58 locally
25/08/17 13:49:35 INFO BlockManager: Found block rdd_6_11 locally
25/08/17 13:49:35 INFO BlockManager: Found block rdd_6_1 locally
25/08/17 13:49:35 INFO BlockManager: Found block rdd_6_23 locally
25/08/17 13:49:35 INFO BlockManager: Found block rdd_6_54 locally
25/08/17 13:49:35 INFO BlockManager: Found block rdd_6_57 locally
25/08/17 13:49:35 INFO BlockManager: Found block rdd_6_19 locally
25/08/17 13:49:35 INFO BlockManager: Found block rdd_6_52 locally
25/08/17 13:49:35 INFO BlockManager: Found block rdd_6_36 locally
25/08/17 13:49:35 INFO BlockManager: Found block rdd_6_10 locally
25/08/17 13:49:35 INFO BlockManager: Found block rdd_6_7 locally
25/08/17 13:49:35 INFO BlockManager: Found block rdd_6_38 locally
25/08/17 13:49:35 INFO BlockManager: Found block rdd_6_20 locally
25/08/17 13:49:35 INFO BlockManager: Found block rdd_6_27 locally
25/08/17 13:49:35 INFO BlockManager: Found block rdd_6_50 locally
25/08/17 13:49:35 INFO BlockManager: Found block rdd_6_49 locally
25/08/17 13:49:35 INFO BlockManager: Found block rdd_6_13 locally
25/08/17 13:49:35 INFO BlockManager: Found block rdd_6_51 locally
25/08/17 13:49:35 INFO BlockManager: Found block rdd_6_32 locally
25/08/17 13:49:35 INFO BlockManager: Found block rdd_6_41 locally
25/08/17 13:49:35 INFO BlockManager: Found block rdd_6_62 locally
25/08/17 13:49:35 INFO BlockManager: Found block rdd_6_63 locally
25/08/17 13:49:35 INFO BlockManager: Found block rdd_6_3 locally
25/08/17 13:49:35 INFO BlockManager: Found block rdd_6_61 locally
25/08/17 13:49:35 INFO BlockManager: Found block rdd_6_33 locally
25/08/17 13:49:35 INFO BlockManager: Found block rdd_6_35 locally
25/08/17 13:49:35 INFO Executor: Finished task 8.0 in stage 2.0 (TID 73). 7520 bytes result sent to driver
25/08/17 13:49:35 INFO Executor: Finished task 11.0 in stage 2.0 (TID 76). 7520 bytes result sent to driver
25/08/17 13:49:35 INFO Executor: Finished task 44.0 in stage 2.0 (TID 109). 7520 bytes result sent to driver
25/08/17 13:49:35 INFO Executor: Finished task 3.0 in stage 2.0 (TID 68). 7520 bytes result sent to driver
25/08/17 13:49:35 INFO TaskSetManager: Finished task 11.0 in stage 2.0 (TID 76) in 661 ms on c471eff09fbd (executor driver) (1/64)
25/08/17 13:49:35 INFO TaskSetManager: Finished task 44.0 in stage 2.0 (TID 109) in 642 ms on c471eff09fbd (executor driver) (2/64)
25/08/17 13:49:35 INFO TaskSetManager: Finished task 3.0 in stage 2.0 (TID 68) in 669 ms on c471eff09fbd (executor driver) (3/64)
25/08/17 13:49:35 INFO TaskSetManager: Finished task 8.0 in stage 2.0 (TID 73) in 666 ms on c471eff09fbd (executor driver) (4/64)
25/08/17 13:49:35 INFO Executor: Finished task 0.0 in stage 2.0 (TID 65). 7520 bytes result sent to driver
25/08/17 13:49:35 INFO TaskSetManager: Finished task 0.0 in stage 2.0 (TID 65) in 742 ms on c471eff09fbd (executor driver) (5/64)
25/08/17 13:49:35 INFO Executor: Finished task 2.0 in stage 2.0 (TID 67). 7520 bytes result sent to driver
25/08/17 13:49:35 INFO TaskSetManager: Finished task 2.0 in stage 2.0 (TID 67) in 773 ms on c471eff09fbd (executor driver) (6/64)
25/08/17 13:49:35 INFO Executor: Finished task 10.0 in stage 2.0 (TID 75). 7520 bytes result sent to driver
25/08/17 13:49:35 INFO TaskSetManager: Finished task 10.0 in stage 2.0 (TID 75) in 1062 ms on c471eff09fbd (executor driver) (7/64)
25/08/17 13:49:35 INFO Executor: Finished task 1.0 in stage 2.0 (TID 66). 7520 bytes result sent to driver
25/08/17 13:49:35 INFO TaskSetManager: Finished task 1.0 in stage 2.0 (TID 66) in 1077 ms on c471eff09fbd (executor driver) (8/64)
25/08/17 13:49:35 INFO Executor: Finished task 46.0 in stage 2.0 (TID 111). 7520 bytes result sent to driver
25/08/17 13:49:35 INFO TaskSetManager: Finished task 46.0 in stage 2.0 (TID 111) in 1094 ms on c471eff09fbd (executor driver) (9/64)
25/08/17 13:49:35 INFO Executor: Finished task 54.0 in stage 2.0 (TID 119). 7520 bytes result sent to driver
25/08/17 13:49:35 INFO TaskSetManager: Finished task 54.0 in stage 2.0 (TID 119) in 1101 ms on c471eff09fbd (executor driver) (10/64)
25/08/17 13:49:36 INFO Executor: Finished task 9.0 in stage 2.0 (TID 74). 7520 bytes result sent to driver
25/08/17 13:49:36 INFO TaskSetManager: Finished task 9.0 in stage 2.0 (TID 74) in 1626 ms on c471eff09fbd (executor driver) (11/64)
25/08/17 13:49:36 INFO Executor: Finished task 12.0 in stage 2.0 (TID 77). 7520 bytes result sent to driver
25/08/17 13:49:36 INFO TaskSetManager: Finished task 12.0 in stage 2.0 (TID 77) in 1630 ms on c471eff09fbd (executor driver) (12/64)
25/08/17 13:49:36 INFO Executor: Finished task 13.0 in stage 2.0 (TID 78). 7520 bytes result sent to driver
25/08/17 13:49:36 INFO Executor: Finished task 47.0 in stage 2.0 (TID 112). 7520 bytes result sent to driver
25/08/17 13:49:36 INFO TaskSetManager: Finished task 13.0 in stage 2.0 (TID 78) in 1636 ms on c471eff09fbd (executor driver) (13/64)
25/08/17 13:49:36 INFO TaskSetManager: Finished task 47.0 in stage 2.0 (TID 112) in 1617 ms on c471eff09fbd (executor driver) (14/64)
25/08/17 13:49:36 INFO Executor: Finished task 34.0 in stage 2.0 (TID 99). 7520 bytes result sent to driver
25/08/17 13:49:36 INFO TaskSetManager: Finished task 34.0 in stage 2.0 (TID 99) in 1630 ms on c471eff09fbd (executor driver) (15/64)
25/08/17 13:49:36 INFO Executor: Finished task 22.0 in stage 2.0 (TID 87). 7520 bytes result sent to driver
25/08/17 13:49:36 INFO Executor: Finished task 21.0 in stage 2.0 (TID 86). 7520 bytes result sent to driver
25/08/17 13:49:36 INFO TaskSetManager: Finished task 22.0 in stage 2.0 (TID 87) in 1641 ms on c471eff09fbd (executor driver) (16/64)
25/08/17 13:49:36 INFO TaskSetManager: Finished task 21.0 in stage 2.0 (TID 86) in 1642 ms on c471eff09fbd (executor driver) (17/64)
25/08/17 13:49:36 INFO Executor: Finished task 7.0 in stage 2.0 (TID 72). 7520 bytes result sent to driver
25/08/17 13:49:36 INFO TaskSetManager: Finished task 7.0 in stage 2.0 (TID 72) in 1660 ms on c471eff09fbd (executor driver) (18/64)
25/08/17 13:49:36 INFO Executor: Finished task 25.0 in stage 2.0 (TID 90). 7520 bytes result sent to driver
25/08/17 13:49:36 INFO TaskSetManager: Finished task 25.0 in stage 2.0 (TID 90) in 1678 ms on c471eff09fbd (executor driver) (19/64)
25/08/17 13:49:36 INFO Executor: Finished task 4.0 in stage 2.0 (TID 69). 7520 bytes result sent to driver
25/08/17 13:49:36 INFO TaskSetManager: Finished task 4.0 in stage 2.0 (TID 69) in 1698 ms on c471eff09fbd (executor driver) (20/64)
25/08/17 13:49:36 INFO Executor: Finished task 16.0 in stage 2.0 (TID 81). 7520 bytes result sent to driver
25/08/17 13:49:36 INFO Executor: Finished task 17.0 in stage 2.0 (TID 82). 7520 bytes result sent to driver
25/08/17 13:49:36 INFO TaskSetManager: Finished task 16.0 in stage 2.0 (TID 81) in 1694 ms on c471eff09fbd (executor driver) (21/64)
25/08/17 13:49:36 INFO Executor: Finished task 19.0 in stage 2.0 (TID 84). 7520 bytes result sent to driver
25/08/17 13:49:36 INFO TaskSetManager: Finished task 17.0 in stage 2.0 (TID 82) in 1696 ms on c471eff09fbd (executor driver) (22/64)
25/08/17 13:49:36 INFO TaskSetManager: Finished task 19.0 in stage 2.0 (TID 84) in 1696 ms on c471eff09fbd (executor driver) (23/64)
25/08/17 13:49:36 INFO Executor: Finished task 26.0 in stage 2.0 (TID 91). 7520 bytes result sent to driver
25/08/17 13:49:36 INFO Executor: Finished task 24.0 in stage 2.0 (TID 89). 7520 bytes result sent to driver
25/08/17 13:49:36 INFO Executor: Finished task 15.0 in stage 2.0 (TID 80). 7520 bytes result sent to driver
25/08/17 13:49:36 INFO TaskSetManager: Finished task 26.0 in stage 2.0 (TID 91) in 1706 ms on c471eff09fbd (executor driver) (24/64)
25/08/17 13:49:36 INFO TaskSetManager: Finished task 24.0 in stage 2.0 (TID 89) in 1708 ms on c471eff09fbd (executor driver) (25/64)
25/08/17 13:49:36 INFO TaskSetManager: Finished task 15.0 in stage 2.0 (TID 80) in 1713 ms on c471eff09fbd (executor driver) (26/64)
25/08/17 13:49:36 INFO Executor: Finished task 5.0 in stage 2.0 (TID 70). 7520 bytes result sent to driver
25/08/17 13:49:36 INFO TaskSetManager: Finished task 5.0 in stage 2.0 (TID 70) in 1722 ms on c471eff09fbd (executor driver) (27/64)
25/08/17 13:49:36 INFO Executor: Finished task 14.0 in stage 2.0 (TID 79). 7520 bytes result sent to driver
25/08/17 13:49:36 INFO TaskSetManager: Finished task 14.0 in stage 2.0 (TID 79) in 1720 ms on c471eff09fbd (executor driver) (28/64)
25/08/17 13:49:36 INFO Executor: Finished task 20.0 in stage 2.0 (TID 85). 7520 bytes result sent to driver
25/08/17 13:49:36 INFO Executor: Finished task 23.0 in stage 2.0 (TID 88). 7520 bytes result sent to driver
25/08/17 13:49:36 INFO Executor: Finished task 18.0 in stage 2.0 (TID 83). 7520 bytes result sent to driver
25/08/17 13:49:36 INFO TaskSetManager: Finished task 20.0 in stage 2.0 (TID 85) in 1721 ms on c471eff09fbd (executor driver) (29/64)
25/08/17 13:49:36 INFO Executor: Finished task 38.0 in stage 2.0 (TID 103). 7520 bytes result sent to driver
25/08/17 13:49:36 INFO TaskSetManager: Finished task 23.0 in stage 2.0 (TID 88) in 1720 ms on c471eff09fbd (executor driver) (30/64)
25/08/17 13:49:36 INFO TaskSetManager: Finished task 18.0 in stage 2.0 (TID 83) in 1725 ms on c471eff09fbd (executor driver) (31/64)
25/08/17 13:49:36 INFO TaskSetManager: Finished task 38.0 in stage 2.0 (TID 103) in 1713 ms on c471eff09fbd (executor driver) (32/64)
25/08/17 13:49:36 INFO Executor: Finished task 35.0 in stage 2.0 (TID 100). 7520 bytes result sent to driver
25/08/17 13:49:36 INFO TaskSetManager: Finished task 35.0 in stage 2.0 (TID 100) in 1719 ms on c471eff09fbd (executor driver) (33/64)
25/08/17 13:49:36 INFO Executor: Finished task 40.0 in stage 2.0 (TID 105). 7520 bytes result sent to driver
25/08/17 13:49:36 INFO TaskSetManager: Finished task 40.0 in stage 2.0 (TID 105) in 1721 ms on c471eff09fbd (executor driver) (34/64)
25/08/17 13:49:36 INFO Executor: Finished task 31.0 in stage 2.0 (TID 96). 7520 bytes result sent to driver
25/08/17 13:49:36 INFO Executor: Finished task 6.0 in stage 2.0 (TID 71). 7520 bytes result sent to driver
25/08/17 13:49:36 INFO Executor: Finished task 28.0 in stage 2.0 (TID 93). 7520 bytes result sent to driver
25/08/17 13:49:36 INFO TaskSetManager: Finished task 31.0 in stage 2.0 (TID 96) in 1729 ms on c471eff09fbd (executor driver) (35/64)
25/08/17 13:49:36 INFO TaskSetManager: Finished task 6.0 in stage 2.0 (TID 71) in 1746 ms on c471eff09fbd (executor driver) (36/64)
25/08/17 13:49:36 INFO TaskSetManager: Finished task 28.0 in stage 2.0 (TID 93) in 1733 ms on c471eff09fbd (executor driver) (37/64)
25/08/17 13:49:36 INFO Executor: Finished task 53.0 in stage 2.0 (TID 118). 7520 bytes result sent to driver
25/08/17 13:49:36 INFO Executor: Finished task 41.0 in stage 2.0 (TID 106). 7520 bytes result sent to driver
25/08/17 13:49:36 INFO TaskSetManager: Finished task 53.0 in stage 2.0 (TID 118) in 1722 ms on c471eff09fbd (executor driver) (38/64)
25/08/17 13:49:36 INFO Executor: Finished task 43.0 in stage 2.0 (TID 108). 7520 bytes result sent to driver
25/08/17 13:49:36 INFO Executor: Finished task 51.0 in stage 2.0 (TID 116). 7520 bytes result sent to driver
25/08/17 13:49:36 INFO TaskSetManager: Finished task 41.0 in stage 2.0 (TID 106) in 1732 ms on c471eff09fbd (executor driver) (39/64)
25/08/17 13:49:36 INFO Executor: Finished task 52.0 in stage 2.0 (TID 117). 7520 bytes result sent to driver
25/08/17 13:49:36 INFO Executor: Finished task 49.0 in stage 2.0 (TID 114). 7520 bytes result sent to driver
25/08/17 13:49:36 INFO TaskSetManager: Finished task 43.0 in stage 2.0 (TID 108) in 1732 ms on c471eff09fbd (executor driver) (40/64)
25/08/17 13:49:36 INFO TaskSetManager: Finished task 51.0 in stage 2.0 (TID 116) in 1728 ms on c471eff09fbd (executor driver) (41/64)
25/08/17 13:49:36 INFO TaskSetManager: Finished task 52.0 in stage 2.0 (TID 117) in 1728 ms on c471eff09fbd (executor driver) (42/64)
25/08/17 13:49:36 INFO TaskSetManager: Finished task 49.0 in stage 2.0 (TID 114) in 1731 ms on c471eff09fbd (executor driver) (43/64)
25/08/17 13:49:36 INFO Executor: Finished task 29.0 in stage 2.0 (TID 94). 7520 bytes result sent to driver
25/08/17 13:49:36 INFO Executor: Finished task 61.0 in stage 2.0 (TID 126). 7520 bytes result sent to driver
25/08/17 13:49:36 INFO TaskSetManager: Finished task 29.0 in stage 2.0 (TID 94) in 1746 ms on c471eff09fbd (executor driver) (44/64)
25/08/17 13:49:36 INFO Executor: Finished task 48.0 in stage 2.0 (TID 113). 7520 bytes result sent to driver
25/08/17 13:49:36 INFO TaskSetManager: Finished task 61.0 in stage 2.0 (TID 126) in 1728 ms on c471eff09fbd (executor driver) (45/64)
25/08/17 13:49:36 INFO Executor: Finished task 33.0 in stage 2.0 (TID 98). 7520 bytes result sent to driver
25/08/17 13:49:36 INFO Executor: Finished task 55.0 in stage 2.0 (TID 120). 7520 bytes result sent to driver
25/08/17 13:49:36 INFO TaskSetManager: Finished task 48.0 in stage 2.0 (TID 113) in 1737 ms on c471eff09fbd (executor driver) (46/64)
25/08/17 13:49:36 INFO Executor: Finished task 45.0 in stage 2.0 (TID 110). 7520 bytes result sent to driver
25/08/17 13:49:36 INFO TaskSetManager: Finished task 33.0 in stage 2.0 (TID 98) in 1749 ms on c471eff09fbd (executor driver) (47/64)
25/08/17 13:49:36 INFO TaskSetManager: Finished task 55.0 in stage 2.0 (TID 120) in 1736 ms on c471eff09fbd (executor driver) (48/64)
25/08/17 13:49:36 INFO Executor: Finished task 32.0 in stage 2.0 (TID 97). 7520 bytes result sent to driver
25/08/17 13:49:36 INFO TaskSetManager: Finished task 45.0 in stage 2.0 (TID 110) in 1744 ms on c471eff09fbd (executor driver) (49/64)
25/08/17 13:49:36 INFO Executor: Finished task 62.0 in stage 2.0 (TID 127). 7520 bytes result sent to driver
25/08/17 13:49:36 INFO Executor: Finished task 37.0 in stage 2.0 (TID 102). 7520 bytes result sent to driver
25/08/17 13:49:36 INFO Executor: Finished task 63.0 in stage 2.0 (TID 128). 7520 bytes result sent to driver
25/08/17 13:49:36 INFO TaskSetManager: Finished task 32.0 in stage 2.0 (TID 97) in 1753 ms on c471eff09fbd (executor driver) (50/64)
25/08/17 13:49:36 INFO Executor: Finished task 57.0 in stage 2.0 (TID 122). 7520 bytes result sent to driver
25/08/17 13:49:36 INFO Executor: Finished task 59.0 in stage 2.0 (TID 124). 7520 bytes result sent to driver
25/08/17 13:49:36 INFO Executor: Finished task 42.0 in stage 2.0 (TID 107). 7520 bytes result sent to driver
25/08/17 13:49:36 INFO TaskSetManager: Finished task 62.0 in stage 2.0 (TID 127) in 1737 ms on c471eff09fbd (executor driver) (51/64)
25/08/17 13:49:36 INFO Executor: Finished task 39.0 in stage 2.0 (TID 104). 7520 bytes result sent to driver
25/08/17 13:49:36 INFO TaskSetManager: Finished task 37.0 in stage 2.0 (TID 102) in 1753 ms on c471eff09fbd (executor driver) (52/64)
25/08/17 13:49:36 INFO TaskSetManager: Finished task 63.0 in stage 2.0 (TID 128) in 1738 ms on c471eff09fbd (executor driver) (53/64)
25/08/17 13:49:36 INFO Executor: Finished task 30.0 in stage 2.0 (TID 95). 7520 bytes result sent to driver
25/08/17 13:49:36 INFO Executor: Finished task 27.0 in stage 2.0 (TID 92). 7520 bytes result sent to driver
25/08/17 13:49:36 INFO TaskSetManager: Finished task 57.0 in stage 2.0 (TID 122) in 1741 ms on c471eff09fbd (executor driver) (54/64)
25/08/17 13:49:36 INFO TaskSetManager: Finished task 59.0 in stage 2.0 (TID 124) in 1741 ms on c471eff09fbd (executor driver) (55/64)
25/08/17 13:49:36 INFO TaskSetManager: Finished task 39.0 in stage 2.0 (TID 104) in 1754 ms on c471eff09fbd (executor driver) (56/64)
25/08/17 13:49:36 INFO TaskSetManager: Finished task 42.0 in stage 2.0 (TID 107) in 1753 ms on c471eff09fbd (executor driver) (57/64)
25/08/17 13:49:36 INFO TaskSetManager: Finished task 30.0 in stage 2.0 (TID 95) in 1761 ms on c471eff09fbd (executor driver) (58/64)
25/08/17 13:49:36 INFO TaskSetManager: Finished task 27.0 in stage 2.0 (TID 92) in 1763 ms on c471eff09fbd (executor driver) (59/64)
25/08/17 13:49:36 INFO Executor: Finished task 58.0 in stage 2.0 (TID 123). 7520 bytes result sent to driver
25/08/17 13:49:36 INFO TaskSetManager: Finished task 58.0 in stage 2.0 (TID 123) in 1746 ms on c471eff09fbd (executor driver) (60/64)
25/08/17 13:49:36 INFO Executor: Finished task 60.0 in stage 2.0 (TID 125). 7520 bytes result sent to driver
25/08/17 13:49:36 INFO TaskSetManager: Finished task 60.0 in stage 2.0 (TID 125) in 1745 ms on c471eff09fbd (executor driver) (61/64)
25/08/17 13:49:36 INFO Executor: Finished task 56.0 in stage 2.0 (TID 121). 7520 bytes result sent to driver
25/08/17 13:49:36 INFO Executor: Finished task 50.0 in stage 2.0 (TID 115). 7520 bytes result sent to driver
25/08/17 13:49:36 INFO Executor: Finished task 36.0 in stage 2.0 (TID 101). 7520 bytes result sent to driver
25/08/17 13:49:36 INFO TaskSetManager: Finished task 56.0 in stage 2.0 (TID 121) in 1751 ms on c471eff09fbd (executor driver) (62/64)
25/08/17 13:49:36 INFO TaskSetManager: Finished task 50.0 in stage 2.0 (TID 115) in 1758 ms on c471eff09fbd (executor driver) (63/64)
25/08/17 13:49:36 INFO TaskSetManager: Finished task 36.0 in stage 2.0 (TID 101) in 1767 ms on c471eff09fbd (executor driver) (64/64)
25/08/17 13:49:36 INFO TaskSchedulerImpl: Removed TaskSet 2.0, whose tasks have all completed, from pool 
25/08/17 13:49:36 INFO DAGScheduler: ShuffleMapStage 2 (submitShuffleJob$ at GpuShuffleExchangeExec.scala:56) finished in 1.855 s
25/08/17 13:49:36 INFO DAGScheduler: looking for newly runnable stages
25/08/17 13:49:36 INFO DAGScheduler: running: Set()
25/08/17 13:49:36 INFO DAGScheduler: waiting: Set()
25/08/17 13:49:36 INFO DAGScheduler: failed: Set()
25/08/17 13:49:36 INFO GpuOverrides: Plan conversion to the GPU took 3.29 ms
25/08/17 13:49:36 INFO GpuOverrides: Plan conversion to the GPU took 2.12 ms
25/08/17 13:49:36 INFO GpuOverrides: GPU plan transition optimization took 1.31 ms
25/08/17 13:49:36 INFO SparkContext: Starting job: count at RapidsCacheAnalysisDemo.scala:34
25/08/17 13:49:36 INFO DAGScheduler: Got job 3 (count at RapidsCacheAnalysisDemo.scala:34) with 1 output partitions
25/08/17 13:49:36 INFO DAGScheduler: Final stage: ResultStage 4 (count at RapidsCacheAnalysisDemo.scala:34)
25/08/17 13:49:36 INFO DAGScheduler: Parents of final stage: List(ShuffleMapStage 3)
25/08/17 13:49:36 INFO DAGScheduler: Missing parents: List()
25/08/17 13:49:36 INFO DAGScheduler: Submitting ResultStage 4 (MapPartitionsRDD[23] at count at RapidsCacheAnalysisDemo.scala:34), which has no missing parents
25/08/17 13:49:36 INFO MemoryStore: Block broadcast_4 stored as values in memory (estimated size 54.2 KiB, free 373.4 MiB)
25/08/17 13:49:36 INFO MemoryStore: Block broadcast_4_piece0 stored as bytes in memory (estimated size 25.4 KiB, free 373.4 MiB)
25/08/17 13:49:36 INFO BlockManagerInfo: Added broadcast_4_piece0 in memory on c471eff09fbd:36195 (size: 25.4 KiB, free: 373.7 MiB)
25/08/17 13:49:36 INFO SparkContext: Created broadcast 4 from broadcast at DAGScheduler.scala:1611
25/08/17 13:49:36 INFO DAGScheduler: Submitting 1 missing tasks from ResultStage 4 (MapPartitionsRDD[23] at count at RapidsCacheAnalysisDemo.scala:34) (first 15 tasks are for partitions Vector(0))
25/08/17 13:49:36 INFO TaskSchedulerImpl: Adding task set 4.0 with 1 tasks resource profile 0
25/08/17 13:49:36 INFO TaskSetManager: Starting task 0.0 in stage 4.0 (TID 129) (c471eff09fbd, executor driver, partition 0, NODE_LOCAL, 9452 bytes) 
25/08/17 13:49:36 INFO Executor: Running task 0.0 in stage 4.0 (TID 129)
25/08/17 13:49:36 INFO SparkResourceAdaptor: startDedicatedTaskThread: threadId: 140413251876416, task id: 129
25/08/17 13:49:36 INFO ShuffleBlockFetcherIterator: Getting 64 (5.0 KiB) non-empty blocks including 64 (5.0 KiB) local and 0 (0.0 B) host-local and 0 (0.0 B) push-merged-local and 0 (0.0 B) remote blocks
25/08/17 13:49:36 INFO ShuffleBlockFetcherIterator: Started 0 remote fetches in 19 ms
25/08/17 13:49:37 INFO CodeGenerator: Code generated in 330.930649 ms
25/08/17 13:49:37 INFO Executor: Finished task 0.0 in stage 4.0 (TID 129). 8805 bytes result sent to driver
25/08/17 13:49:37 INFO TaskSetManager: Finished task 0.0 in stage 4.0 (TID 129) in 656 ms on c471eff09fbd (executor driver) (1/1)
25/08/17 13:49:37 INFO TaskSchedulerImpl: Removed TaskSet 4.0, whose tasks have all completed, from pool 
25/08/17 13:49:37 INFO DAGScheduler: ResultStage 4 (count at RapidsCacheAnalysisDemo.scala:34) finished in 0.682 s
25/08/17 13:49:37 INFO DAGScheduler: Job 3 is finished. Cancelling potential speculative or zombie tasks for this job
25/08/17 13:49:37 INFO TaskSchedulerImpl: Killing all running tasks in stage 4: Stage finished
25/08/17 13:49:37 INFO DAGScheduler: Job 3 finished: count at RapidsCacheAnalysisDemo.scala:34, took 0.714444 s
25/08/17 13:49:37 INFO GpuOverrides: Plan conversion to the GPU took 42.71 ms
25/08/17 13:49:37 INFO GpuOverrides: Plan conversion to the GPU took 4.50 ms
25/08/17 13:49:37 INFO GpuOverrides: Plan conversion to the GPU took 0.26 ms
25/08/17 13:49:37 INFO GpuOverrides: Plan conversion to the GPU took 4.52 ms
25/08/17 13:49:37 INFO GpuOverrides: GPU plan transition optimization took 0.15 ms
25/08/17 13:49:38 INFO GpuOverrides: Plan conversion to the GPU took 4.06 ms
25/08/17 13:49:38 INFO GpuOverrides: Plan conversion to the GPU took 2.56 ms
25/08/17 13:49:38 INFO GpuOverrides: GPU plan transition optimization took 1.92 ms
25/08/17 13:49:39 INFO DAGScheduler: Registering RDD 33 (submitShuffleJob$ at GpuShuffleExchangeExec.scala:56) as input to shuffle 1
25/08/17 13:49:39 INFO DAGScheduler: Got map stage job 4 (submitShuffleJob$ at GpuShuffleExchangeExec.scala:56) with 64 output partitions
25/08/17 13:49:39 INFO DAGScheduler: Final stage: ShuffleMapStage 5 (submitShuffleJob$ at GpuShuffleExchangeExec.scala:56)
25/08/17 13:49:39 INFO DAGScheduler: Parents of final stage: List()
25/08/17 13:49:39 INFO DAGScheduler: Missing parents: List()
25/08/17 13:49:39 INFO DAGScheduler: Submitting ShuffleMapStage 5 (MapPartitionsRDD[33] at submitShuffleJob$ at GpuShuffleExchangeExec.scala:56), which has no missing parents
25/08/17 13:49:39 INFO MemoryStore: Block broadcast_5 stored as values in memory (estimated size 47.8 KiB, free 373.3 MiB)
25/08/17 13:49:39 INFO MemoryStore: Block broadcast_5_piece0 stored as bytes in memory (estimated size 22.1 KiB, free 373.3 MiB)
25/08/17 13:49:39 INFO BlockManagerInfo: Added broadcast_5_piece0 in memory on c471eff09fbd:36195 (size: 22.1 KiB, free: 373.7 MiB)
25/08/17 13:49:39 INFO SparkContext: Created broadcast 5 from broadcast at DAGScheduler.scala:1611
25/08/17 13:49:39 INFO DAGScheduler: Submitting 64 missing tasks from ShuffleMapStage 5 (MapPartitionsRDD[33] at submitShuffleJob$ at GpuShuffleExchangeExec.scala:56) (first 15 tasks are for partitions Vector(0, 1, 2, 3, 4, 5, 6, 7, 8, 9, 10, 11, 12, 13, 14))
25/08/17 13:49:39 INFO TaskSchedulerImpl: Adding task set 5.0 with 64 tasks resource profile 0
25/08/17 13:49:39 INFO TaskSetManager: Starting task 0.0 in stage 5.0 (TID 130) (c471eff09fbd, executor driver, partition 0, PROCESS_LOCAL, 10404 bytes) 
25/08/17 13:49:39 INFO TaskSetManager: Starting task 1.0 in stage 5.0 (TID 131) (c471eff09fbd, executor driver, partition 1, PROCESS_LOCAL, 10404 bytes) 
25/08/17 13:49:39 INFO TaskSetManager: Starting task 2.0 in stage 5.0 (TID 132) (c471eff09fbd, executor driver, partition 2, PROCESS_LOCAL, 10404 bytes) 
25/08/17 13:49:39 INFO TaskSetManager: Starting task 3.0 in stage 5.0 (TID 133) (c471eff09fbd, executor driver, partition 3, PROCESS_LOCAL, 10404 bytes) 
25/08/17 13:49:39 INFO TaskSetManager: Starting task 4.0 in stage 5.0 (TID 134) (c471eff09fbd, executor driver, partition 4, PROCESS_LOCAL, 10404 bytes) 
25/08/17 13:49:39 INFO TaskSetManager: Starting task 5.0 in stage 5.0 (TID 135) (c471eff09fbd, executor driver, partition 5, PROCESS_LOCAL, 10404 bytes) 
25/08/17 13:49:39 INFO TaskSetManager: Starting task 6.0 in stage 5.0 (TID 136) (c471eff09fbd, executor driver, partition 6, PROCESS_LOCAL, 10404 bytes) 
25/08/17 13:49:39 INFO TaskSetManager: Starting task 7.0 in stage 5.0 (TID 137) (c471eff09fbd, executor driver, partition 7, PROCESS_LOCAL, 10404 bytes) 
25/08/17 13:49:39 INFO TaskSetManager: Starting task 8.0 in stage 5.0 (TID 138) (c471eff09fbd, executor driver, partition 8, PROCESS_LOCAL, 10404 bytes) 
25/08/17 13:49:39 INFO TaskSetManager: Starting task 9.0 in stage 5.0 (TID 139) (c471eff09fbd, executor driver, partition 9, PROCESS_LOCAL, 10404 bytes) 
25/08/17 13:49:39 INFO TaskSetManager: Starting task 10.0 in stage 5.0 (TID 140) (c471eff09fbd, executor driver, partition 10, PROCESS_LOCAL, 10404 bytes) 
25/08/17 13:49:39 INFO TaskSetManager: Starting task 11.0 in stage 5.0 (TID 141) (c471eff09fbd, executor driver, partition 11, PROCESS_LOCAL, 10404 bytes) 
25/08/17 13:49:39 INFO TaskSetManager: Starting task 12.0 in stage 5.0 (TID 142) (c471eff09fbd, executor driver, partition 12, PROCESS_LOCAL, 10404 bytes) 
25/08/17 13:49:39 INFO TaskSetManager: Starting task 13.0 in stage 5.0 (TID 143) (c471eff09fbd, executor driver, partition 13, PROCESS_LOCAL, 10404 bytes) 
25/08/17 13:49:39 INFO TaskSetManager: Starting task 14.0 in stage 5.0 (TID 144) (c471eff09fbd, executor driver, partition 14, PROCESS_LOCAL, 10404 bytes) 
25/08/17 13:49:39 INFO TaskSetManager: Starting task 15.0 in stage 5.0 (TID 145) (c471eff09fbd, executor driver, partition 15, PROCESS_LOCAL, 10404 bytes) 
25/08/17 13:49:39 INFO TaskSetManager: Starting task 16.0 in stage 5.0 (TID 146) (c471eff09fbd, executor driver, partition 16, PROCESS_LOCAL, 10404 bytes) 
25/08/17 13:49:39 INFO TaskSetManager: Starting task 17.0 in stage 5.0 (TID 147) (c471eff09fbd, executor driver, partition 17, PROCESS_LOCAL, 10404 bytes) 
25/08/17 13:49:39 INFO TaskSetManager: Starting task 18.0 in stage 5.0 (TID 148) (c471eff09fbd, executor driver, partition 18, PROCESS_LOCAL, 10404 bytes) 
25/08/17 13:49:39 INFO TaskSetManager: Starting task 19.0 in stage 5.0 (TID 149) (c471eff09fbd, executor driver, partition 19, PROCESS_LOCAL, 10404 bytes) 
25/08/17 13:49:39 INFO TaskSetManager: Starting task 20.0 in stage 5.0 (TID 150) (c471eff09fbd, executor driver, partition 20, PROCESS_LOCAL, 10404 bytes) 
25/08/17 13:49:39 INFO TaskSetManager: Starting task 21.0 in stage 5.0 (TID 151) (c471eff09fbd, executor driver, partition 21, PROCESS_LOCAL, 10404 bytes) 
25/08/17 13:49:39 INFO TaskSetManager: Starting task 22.0 in stage 5.0 (TID 152) (c471eff09fbd, executor driver, partition 22, PROCESS_LOCAL, 10404 bytes) 
25/08/17 13:49:39 INFO TaskSetManager: Starting task 23.0 in stage 5.0 (TID 153) (c471eff09fbd, executor driver, partition 23, PROCESS_LOCAL, 10404 bytes) 
25/08/17 13:49:39 INFO TaskSetManager: Starting task 24.0 in stage 5.0 (TID 154) (c471eff09fbd, executor driver, partition 24, PROCESS_LOCAL, 10404 bytes) 
25/08/17 13:49:39 INFO TaskSetManager: Starting task 25.0 in stage 5.0 (TID 155) (c471eff09fbd, executor driver, partition 25, PROCESS_LOCAL, 10404 bytes) 
25/08/17 13:49:39 INFO TaskSetManager: Starting task 26.0 in stage 5.0 (TID 156) (c471eff09fbd, executor driver, partition 26, PROCESS_LOCAL, 10404 bytes) 
25/08/17 13:49:39 INFO TaskSetManager: Starting task 27.0 in stage 5.0 (TID 157) (c471eff09fbd, executor driver, partition 27, PROCESS_LOCAL, 10404 bytes) 
25/08/17 13:49:39 INFO TaskSetManager: Starting task 28.0 in stage 5.0 (TID 158) (c471eff09fbd, executor driver, partition 28, PROCESS_LOCAL, 10404 bytes) 
25/08/17 13:49:39 INFO TaskSetManager: Starting task 29.0 in stage 5.0 (TID 159) (c471eff09fbd, executor driver, partition 29, PROCESS_LOCAL, 10404 bytes) 
25/08/17 13:49:39 INFO TaskSetManager: Starting task 30.0 in stage 5.0 (TID 160) (c471eff09fbd, executor driver, partition 30, PROCESS_LOCAL, 10404 bytes) 
25/08/17 13:49:39 INFO TaskSetManager: Starting task 31.0 in stage 5.0 (TID 161) (c471eff09fbd, executor driver, partition 31, PROCESS_LOCAL, 10404 bytes) 
25/08/17 13:49:39 INFO TaskSetManager: Starting task 32.0 in stage 5.0 (TID 162) (c471eff09fbd, executor driver, partition 32, PROCESS_LOCAL, 10404 bytes) 
25/08/17 13:49:39 INFO TaskSetManager: Starting task 33.0 in stage 5.0 (TID 163) (c471eff09fbd, executor driver, partition 33, PROCESS_LOCAL, 10404 bytes) 
25/08/17 13:49:39 INFO TaskSetManager: Starting task 34.0 in stage 5.0 (TID 164) (c471eff09fbd, executor driver, partition 34, PROCESS_LOCAL, 10404 bytes) 
25/08/17 13:49:39 INFO TaskSetManager: Starting task 35.0 in stage 5.0 (TID 165) (c471eff09fbd, executor driver, partition 35, PROCESS_LOCAL, 10404 bytes) 
25/08/17 13:49:39 INFO TaskSetManager: Starting task 36.0 in stage 5.0 (TID 166) (c471eff09fbd, executor driver, partition 36, PROCESS_LOCAL, 10404 bytes) 
25/08/17 13:49:39 INFO TaskSetManager: Starting task 37.0 in stage 5.0 (TID 167) (c471eff09fbd, executor driver, partition 37, PROCESS_LOCAL, 10404 bytes) 
25/08/17 13:49:39 INFO TaskSetManager: Starting task 38.0 in stage 5.0 (TID 168) (c471eff09fbd, executor driver, partition 38, PROCESS_LOCAL, 10404 bytes) 
25/08/17 13:49:39 INFO TaskSetManager: Starting task 39.0 in stage 5.0 (TID 169) (c471eff09fbd, executor driver, partition 39, PROCESS_LOCAL, 10404 bytes) 
25/08/17 13:49:39 INFO TaskSetManager: Starting task 40.0 in stage 5.0 (TID 170) (c471eff09fbd, executor driver, partition 40, PROCESS_LOCAL, 10404 bytes) 
25/08/17 13:49:39 INFO TaskSetManager: Starting task 41.0 in stage 5.0 (TID 171) (c471eff09fbd, executor driver, partition 41, PROCESS_LOCAL, 10404 bytes) 
25/08/17 13:49:39 INFO TaskSetManager: Starting task 42.0 in stage 5.0 (TID 172) (c471eff09fbd, executor driver, partition 42, PROCESS_LOCAL, 10404 bytes) 
25/08/17 13:49:39 INFO TaskSetManager: Starting task 43.0 in stage 5.0 (TID 173) (c471eff09fbd, executor driver, partition 43, PROCESS_LOCAL, 10404 bytes) 
25/08/17 13:49:39 INFO TaskSetManager: Starting task 44.0 in stage 5.0 (TID 174) (c471eff09fbd, executor driver, partition 44, PROCESS_LOCAL, 10404 bytes) 
25/08/17 13:49:39 INFO TaskSetManager: Starting task 45.0 in stage 5.0 (TID 175) (c471eff09fbd, executor driver, partition 45, PROCESS_LOCAL, 10404 bytes) 
25/08/17 13:49:39 INFO TaskSetManager: Starting task 46.0 in stage 5.0 (TID 176) (c471eff09fbd, executor driver, partition 46, PROCESS_LOCAL, 10404 bytes) 
25/08/17 13:49:39 INFO TaskSetManager: Starting task 47.0 in stage 5.0 (TID 177) (c471eff09fbd, executor driver, partition 47, PROCESS_LOCAL, 10404 bytes) 
25/08/17 13:49:39 INFO TaskSetManager: Starting task 48.0 in stage 5.0 (TID 178) (c471eff09fbd, executor driver, partition 48, PROCESS_LOCAL, 10404 bytes) 
25/08/17 13:49:39 INFO TaskSetManager: Starting task 49.0 in stage 5.0 (TID 179) (c471eff09fbd, executor driver, partition 49, PROCESS_LOCAL, 10404 bytes) 
25/08/17 13:49:39 INFO TaskSetManager: Starting task 50.0 in stage 5.0 (TID 180) (c471eff09fbd, executor driver, partition 50, PROCESS_LOCAL, 10404 bytes) 
25/08/17 13:49:39 INFO TaskSetManager: Starting task 51.0 in stage 5.0 (TID 181) (c471eff09fbd, executor driver, partition 51, PROCESS_LOCAL, 10404 bytes) 
25/08/17 13:49:39 INFO TaskSetManager: Starting task 52.0 in stage 5.0 (TID 182) (c471eff09fbd, executor driver, partition 52, PROCESS_LOCAL, 10404 bytes) 
25/08/17 13:49:39 INFO TaskSetManager: Starting task 53.0 in stage 5.0 (TID 183) (c471eff09fbd, executor driver, partition 53, PROCESS_LOCAL, 10404 bytes) 
25/08/17 13:49:39 INFO TaskSetManager: Starting task 54.0 in stage 5.0 (TID 184) (c471eff09fbd, executor driver, partition 54, PROCESS_LOCAL, 10404 bytes) 
25/08/17 13:49:39 INFO TaskSetManager: Starting task 55.0 in stage 5.0 (TID 185) (c471eff09fbd, executor driver, partition 55, PROCESS_LOCAL, 10404 bytes) 
25/08/17 13:49:39 INFO TaskSetManager: Starting task 56.0 in stage 5.0 (TID 186) (c471eff09fbd, executor driver, partition 56, PROCESS_LOCAL, 10404 bytes) 
25/08/17 13:49:39 INFO TaskSetManager: Starting task 57.0 in stage 5.0 (TID 187) (c471eff09fbd, executor driver, partition 57, PROCESS_LOCAL, 10404 bytes) 
25/08/17 13:49:39 INFO TaskSetManager: Starting task 58.0 in stage 5.0 (TID 188) (c471eff09fbd, executor driver, partition 58, PROCESS_LOCAL, 10404 bytes) 
25/08/17 13:49:39 INFO TaskSetManager: Starting task 59.0 in stage 5.0 (TID 189) (c471eff09fbd, executor driver, partition 59, PROCESS_LOCAL, 10404 bytes) 
25/08/17 13:49:39 INFO TaskSetManager: Starting task 60.0 in stage 5.0 (TID 190) (c471eff09fbd, executor driver, partition 60, PROCESS_LOCAL, 10404 bytes) 
25/08/17 13:49:39 INFO TaskSetManager: Starting task 61.0 in stage 5.0 (TID 191) (c471eff09fbd, executor driver, partition 61, PROCESS_LOCAL, 10404 bytes) 
25/08/17 13:49:39 INFO TaskSetManager: Starting task 62.0 in stage 5.0 (TID 192) (c471eff09fbd, executor driver, partition 62, PROCESS_LOCAL, 10404 bytes) 
25/08/17 13:49:39 INFO TaskSetManager: Starting task 63.0 in stage 5.0 (TID 193) (c471eff09fbd, executor driver, partition 63, PROCESS_LOCAL, 10404 bytes) 
25/08/17 13:49:39 INFO Executor: Running task 0.0 in stage 5.0 (TID 130)
25/08/17 13:49:39 INFO Executor: Running task 1.0 in stage 5.0 (TID 131)
25/08/17 13:49:39 INFO Executor: Running task 2.0 in stage 5.0 (TID 132)
25/08/17 13:49:39 INFO Executor: Running task 3.0 in stage 5.0 (TID 133)
25/08/17 13:49:39 INFO Executor: Running task 4.0 in stage 5.0 (TID 134)
25/08/17 13:49:39 INFO Executor: Running task 7.0 in stage 5.0 (TID 137)
25/08/17 13:49:39 INFO Executor: Running task 6.0 in stage 5.0 (TID 136)
25/08/17 13:49:39 INFO Executor: Running task 5.0 in stage 5.0 (TID 135)
25/08/17 13:49:39 INFO Executor: Running task 9.0 in stage 5.0 (TID 139)
25/08/17 13:49:39 INFO Executor: Running task 13.0 in stage 5.0 (TID 143)
25/08/17 13:49:39 INFO Executor: Running task 10.0 in stage 5.0 (TID 140)
25/08/17 13:49:39 INFO Executor: Running task 8.0 in stage 5.0 (TID 138)
25/08/17 13:49:39 INFO Executor: Running task 12.0 in stage 5.0 (TID 142)
25/08/17 13:49:39 INFO Executor: Running task 11.0 in stage 5.0 (TID 141)
25/08/17 13:49:39 INFO Executor: Running task 14.0 in stage 5.0 (TID 144)
25/08/17 13:49:39 INFO Executor: Running task 15.0 in stage 5.0 (TID 145)
25/08/17 13:49:39 INFO Executor: Running task 16.0 in stage 5.0 (TID 146)
25/08/17 13:49:39 INFO Executor: Running task 17.0 in stage 5.0 (TID 147)
25/08/17 13:49:39 INFO Executor: Running task 18.0 in stage 5.0 (TID 148)
25/08/17 13:49:39 INFO Executor: Running task 19.0 in stage 5.0 (TID 149)
25/08/17 13:49:39 INFO Executor: Running task 21.0 in stage 5.0 (TID 151)
25/08/17 13:49:39 INFO Executor: Running task 23.0 in stage 5.0 (TID 153)
25/08/17 13:49:39 INFO Executor: Running task 22.0 in stage 5.0 (TID 152)
25/08/17 13:49:39 INFO Executor: Running task 20.0 in stage 5.0 (TID 150)
25/08/17 13:49:39 INFO Executor: Running task 25.0 in stage 5.0 (TID 155)
25/08/17 13:49:39 INFO Executor: Running task 26.0 in stage 5.0 (TID 156)
25/08/17 13:49:39 INFO SparkResourceAdaptor: startDedicatedTaskThread: threadId: 140413251876416, task id: 130
25/08/17 13:49:39 INFO Executor: Running task 24.0 in stage 5.0 (TID 154)
25/08/17 13:49:39 INFO Executor: Running task 28.0 in stage 5.0 (TID 158)
25/08/17 13:49:39 INFO Executor: Running task 27.0 in stage 5.0 (TID 157)
25/08/17 13:49:39 INFO SparkResourceAdaptor: startDedicatedTaskThread: threadId: 140413892556352, task id: 133
25/08/17 13:49:39 INFO Executor: Running task 29.0 in stage 5.0 (TID 159)
25/08/17 13:49:39 INFO Executor: Running task 31.0 in stage 5.0 (TID 161)
25/08/17 13:49:39 INFO SparkResourceAdaptor: startDedicatedTaskThread: threadId: 140413255022144, task id: 143
25/08/17 13:49:39 INFO Executor: Running task 30.0 in stage 5.0 (TID 160)
25/08/17 13:49:39 INFO Executor: Running task 32.0 in stage 5.0 (TID 162)
25/08/17 13:49:39 INFO Executor: Running task 33.0 in stage 5.0 (TID 163)
25/08/17 13:49:39 INFO SparkResourceAdaptor: startDedicatedTaskThread: threadId: 140413233002048, task id: 139
25/08/17 13:49:39 INFO Executor: Running task 34.0 in stage 5.0 (TID 164)
25/08/17 13:49:39 INFO Executor: Running task 35.0 in stage 5.0 (TID 165)
25/08/17 13:49:39 INFO SparkResourceAdaptor: startDedicatedTaskThread: threadId: 140413281236544, task id: 131
25/08/17 13:49:39 INFO Executor: Running task 37.0 in stage 5.0 (TID 167)
25/08/17 13:49:39 INFO Executor: Running task 38.0 in stage 5.0 (TID 168)
25/08/17 13:49:39 INFO Executor: Running task 40.0 in stage 5.0 (TID 170)
25/08/17 13:49:39 INFO Executor: Running task 36.0 in stage 5.0 (TID 166)
25/08/17 13:49:39 INFO Executor: Running task 41.0 in stage 5.0 (TID 171)
25/08/17 13:49:39 INFO Executor: Running task 39.0 in stage 5.0 (TID 169)
25/08/17 13:49:39 INFO Executor: Running task 43.0 in stage 5.0 (TID 173)
25/08/17 13:49:39 INFO SparkResourceAdaptor: startDedicatedTaskThread: threadId: 140413266556480, task id: 145
25/08/17 13:49:39 INFO Executor: Running task 42.0 in stage 5.0 (TID 172)
25/08/17 13:49:39 INFO Executor: Running task 44.0 in stage 5.0 (TID 174)
25/08/17 13:49:39 INFO Executor: Running task 47.0 in stage 5.0 (TID 177)
25/08/17 13:49:39 INFO SparkResourceAdaptor: startDedicatedTaskThread: threadId: 140413236147776, task id: 144
25/08/17 13:49:39 INFO Executor: Running task 51.0 in stage 5.0 (TID 181)
25/08/17 13:49:39 INFO Executor: Running task 50.0 in stage 5.0 (TID 180)
25/08/17 13:49:39 INFO Executor: Running task 49.0 in stage 5.0 (TID 179)
25/08/17 13:49:39 INFO Executor: Running task 53.0 in stage 5.0 (TID 183)
25/08/17 13:49:39 INFO SparkResourceAdaptor: startDedicatedTaskThread: threadId: 140413223564864, task id: 147
25/08/17 13:49:39 INFO Executor: Running task 54.0 in stage 5.0 (TID 184)
25/08/17 13:49:39 INFO Executor: Running task 52.0 in stage 5.0 (TID 182)
25/08/17 13:49:39 INFO Executor: Running task 46.0 in stage 5.0 (TID 176)
25/08/17 13:49:39 INFO Executor: Running task 48.0 in stage 5.0 (TID 178)
25/08/17 13:49:39 INFO Executor: Running task 45.0 in stage 5.0 (TID 175)
25/08/17 13:49:39 INFO Executor: Running task 59.0 in stage 5.0 (TID 189)
25/08/17 13:49:39 INFO Executor: Running task 55.0 in stage 5.0 (TID 185)
25/08/17 13:49:39 INFO Executor: Running task 56.0 in stage 5.0 (TID 186)
25/08/17 13:49:39 INFO Executor: Running task 61.0 in stage 5.0 (TID 191)
25/08/17 13:49:39 INFO Executor: Running task 58.0 in stage 5.0 (TID 188)
25/08/17 13:49:39 INFO Executor: Running task 57.0 in stage 5.0 (TID 187)
25/08/17 13:49:39 INFO SparkResourceAdaptor: startDedicatedTaskThread: threadId: 140413269702208, task id: 132
25/08/17 13:49:39 INFO Executor: Running task 63.0 in stage 5.0 (TID 193)
25/08/17 13:49:39 INFO Executor: Running task 60.0 in stage 5.0 (TID 190)
25/08/17 13:49:39 INFO Executor: Running task 62.0 in stage 5.0 (TID 192)
25/08/17 13:49:39 INFO SparkResourceAdaptor: startDedicatedTaskThread: threadId: 140413222516288, task id: 151
25/08/17 13:49:39 INFO SparkResourceAdaptor: startDedicatedTaskThread: threadId: 140413228807744, task id: 148
25/08/17 13:49:39 INFO SparkResourceAdaptor: startDedicatedTaskThread: threadId: 140413282285120, task id: 152
25/08/17 13:49:39 INFO SparkResourceAdaptor: startDedicatedTaskThread: threadId: 140413238244928, task id: 157
25/08/17 13:49:39 INFO SparkResourceAdaptor: startDedicatedTaskThread: threadId: 140413250827840, task id: 158
25/08/17 13:49:39 INFO SparkResourceAdaptor: startDedicatedTaskThread: threadId: 140413221467712, task id: 142
25/08/17 13:49:39 INFO SparkResourceAdaptor: startDedicatedTaskThread: threadId: 140413273896512, task id: 146
25/08/17 13:49:39 INFO SparkResourceAdaptor: startDedicatedTaskThread: threadId: 140413257119296, task id: 165
25/08/17 13:49:39 INFO SparkResourceAdaptor: startDedicatedTaskThread: threadId: 140413229856320, task id: 156
25/08/17 13:49:39 INFO SparkResourceAdaptor: startDedicatedTaskThread: threadId: 140413258167872, task id: 164
25/08/17 13:49:39 INFO SparkResourceAdaptor: startDedicatedTaskThread: threadId: 140413278090816, task id: 141
25/08/17 13:49:39 INFO SparkResourceAdaptor: startDedicatedTaskThread: threadId: 140413890459200, task id: 149
25/08/17 13:49:39 INFO SparkResourceAdaptor: startDedicatedTaskThread: threadId: 140413268653632, task id: 135
25/08/17 13:49:39 INFO SparkResourceAdaptor: startDedicatedTaskThread: threadId: 140413262362176, task id: 170
25/08/17 13:49:39 INFO SparkResourceAdaptor: startDedicatedTaskThread: threadId: 140413285430848, task id: 181
25/08/17 13:49:39 INFO SparkResourceAdaptor: startDedicatedTaskThread: threadId: 140413230904896, task id: 155
25/08/17 13:49:39 INFO SparkResourceAdaptor: startDedicatedTaskThread: threadId: 140413284382272, task id: 134
25/08/17 13:49:39 INFO SparkResourceAdaptor: startDedicatedTaskThread: threadId: 140413231953472, task id: 183
25/08/17 13:49:39 INFO SparkResourceAdaptor: startDedicatedTaskThread: threadId: 140413244536384, task id: 178
25/08/17 13:49:39 INFO SparkResourceAdaptor: startDedicatedTaskThread: threadId: 140413249779264, task id: 136
25/08/17 13:49:39 INFO SparkResourceAdaptor: startDedicatedTaskThread: threadId: 140413248730688, task id: 150
25/08/17 13:49:39 INFO SparkResourceAdaptor: startDedicatedTaskThread: threadId: 140413275993664, task id: 138
25/08/17 13:49:39 INFO SparkResourceAdaptor: startDedicatedTaskThread: threadId: 140413225662016, task id: 179
25/08/17 13:49:39 INFO SparkResourceAdaptor: startDedicatedTaskThread: threadId: 140413237196352, task id: 162
25/08/17 13:49:39 INFO SparkResourceAdaptor: startDedicatedTaskThread: threadId: 140413227759168, task id: 137
25/08/17 13:49:39 INFO SparkResourceAdaptor: startDedicatedTaskThread: threadId: 140418348168768, task id: 153
25/08/17 13:49:39 INFO SparkResourceAdaptor: startDedicatedTaskThread: threadId: 140413280187968, task id: 140
25/08/17 13:49:39 INFO SparkResourceAdaptor: startDedicatedTaskThread: threadId: 140413241390656, task id: 190
25/08/17 13:49:39 INFO SparkResourceAdaptor: startDedicatedTaskThread: threadId: 140413264459328, task id: 187
25/08/17 13:49:39 INFO SparkResourceAdaptor: startDedicatedTaskThread: threadId: 140413265507904, task id: 185
25/08/17 13:49:39 INFO SparkResourceAdaptor: startDedicatedTaskThread: threadId: 140413245584960, task id: 186
25/08/17 13:49:39 INFO SparkResourceAdaptor: startDedicatedTaskThread: threadId: 140413271799360, task id: 175
25/08/17 13:49:39 INFO SparkResourceAdaptor: startDedicatedTaskThread: threadId: 140413247682112, task id: 192
25/08/17 13:49:39 INFO SparkResourceAdaptor: startDedicatedTaskThread: threadId: 140413260265024, task id: 188
25/08/17 13:49:39 INFO SparkResourceAdaptor: startDedicatedTaskThread: threadId: 140413277042240, task id: 191
25/08/17 13:49:39 INFO SparkResourceAdaptor: startDedicatedTaskThread: threadId: 140413253973568, task id: 176
25/08/17 13:49:39 INFO SparkResourceAdaptor: startDedicatedTaskThread: threadId: 140413235099200, task id: 177
25/08/17 13:49:39 INFO SparkResourceAdaptor: startDedicatedTaskThread: threadId: 140413267605056, task id: 189
25/08/17 13:49:39 INFO SparkResourceAdaptor: startDedicatedTaskThread: threadId: 140413239293504, task id: 174
25/08/17 13:49:39 INFO SparkResourceAdaptor: startDedicatedTaskThread: threadId: 140413279139392, task id: 169
25/08/17 13:49:39 INFO SparkResourceAdaptor: startDedicatedTaskThread: threadId: 140413252924992, task id: 172
25/08/17 13:49:39 INFO SparkResourceAdaptor: startDedicatedTaskThread: threadId: 140413891507776, task id: 180
25/08/17 13:49:39 INFO SparkResourceAdaptor: startDedicatedTaskThread: threadId: 140413242439232, task id: 168
25/08/17 13:49:39 INFO SparkResourceAdaptor: startDedicatedTaskThread: threadId: 140413272847936, task id: 166
25/08/17 13:49:39 INFO SparkResourceAdaptor: startDedicatedTaskThread: threadId: 140413283333696, task id: 173
25/08/17 13:49:39 INFO SparkResourceAdaptor: startDedicatedTaskThread: threadId: 140413243487808, task id: 182
25/08/17 13:49:39 INFO SparkResourceAdaptor: startDedicatedTaskThread: threadId: 140413270750784, task id: 171
25/08/17 13:49:39 INFO SparkResourceAdaptor: startDedicatedTaskThread: threadId: 140413256070720, task id: 163
25/08/17 13:49:39 INFO SparkResourceAdaptor: startDedicatedTaskThread: threadId: 140413274945088, task id: 193
25/08/17 13:49:39 INFO BlockManager: Found block rdd_6_3 locally
25/08/17 13:49:39 INFO BlockManager: Found block rdd_6_13 locally
25/08/17 13:49:39 INFO BlockManager: Found block rdd_6_0 locally
25/08/17 13:49:39 INFO SparkResourceAdaptor: startDedicatedTaskThread: threadId: 140413240342080, task id: 161
25/08/17 13:49:39 INFO SparkResourceAdaptor: startDedicatedTaskThread: threadId: 140413263410752, task id: 184
25/08/17 13:49:39 INFO BlockManager: Found block rdd_6_9 locally
25/08/17 13:49:39 INFO SparkResourceAdaptor: startDedicatedTaskThread: threadId: 140413261313600, task id: 167
25/08/17 13:49:39 INFO SparkResourceAdaptor: startDedicatedTaskThread: threadId: 140413224613440, task id: 154
25/08/17 13:49:39 INFO SparkResourceAdaptor: startDedicatedTaskThread: threadId: 140413234050624, task id: 160
25/08/17 13:49:39 INFO SparkResourceAdaptor: startDedicatedTaskThread: threadId: 140413226710592, task id: 159
25/08/17 13:49:39 INFO BlockManager: Found block rdd_6_26 locally
25/08/17 13:49:39 INFO BlockManager: Found block rdd_6_15 locally
25/08/17 13:49:39 INFO BlockManager: Found block rdd_6_28 locally
25/08/17 13:49:39 INFO BlockManager: Found block rdd_6_2 locally
25/08/17 13:49:39 INFO BlockManager: Found block rdd_6_22 locally
25/08/17 13:49:39 INFO BlockManager: Found block rdd_6_32 locally
25/08/17 13:49:39 INFO BlockManager: Found block rdd_6_51 locally
25/08/17 13:49:39 INFO BlockManager: Found block rdd_6_18 locally
25/08/17 13:49:39 INFO BlockManager: Found block rdd_6_17 locally
25/08/17 13:49:39 INFO BlockManager: Found block rdd_6_35 locally
25/08/17 13:49:39 INFO BlockManager: Found block rdd_6_25 locally
25/08/17 13:49:39 INFO BlockManager: Found block rdd_6_1 locally
25/08/17 13:49:39 INFO BlockManager: Found block rdd_6_59 locally
25/08/17 13:49:39 INFO BlockManager: Found block rdd_6_42 locally
25/08/17 13:49:39 INFO BlockManager: Found block rdd_6_62 locally
25/08/17 13:49:39 INFO BlockManager: Found block rdd_6_27 locally
25/08/17 13:49:39 INFO BlockManager: Found block rdd_6_53 locally
25/08/17 13:49:39 INFO BlockManager: Found block rdd_6_14 locally
25/08/17 13:49:39 INFO BlockManager: Found block rdd_6_11 locally
25/08/17 13:49:39 INFO BlockManager: Found block rdd_6_16 locally
25/08/17 13:49:39 INFO BlockManager: Found block rdd_6_5 locally
25/08/17 13:49:39 INFO BlockManager: Found block rdd_6_12 locally
25/08/17 13:49:39 INFO BlockManager: Found block rdd_6_8 locally
25/08/17 13:49:39 INFO BlockManager: Found block rdd_6_40 locally
25/08/17 13:49:39 INFO BlockManager: Found block rdd_6_4 locally
25/08/17 13:49:39 INFO BlockManager: Found block rdd_6_21 locally
25/08/17 13:49:39 INFO BlockManager: Found block rdd_6_19 locally
25/08/17 13:49:39 INFO BlockManager: Found block rdd_6_34 locally
25/08/17 13:49:39 INFO BlockManager: Found block rdd_6_56 locally
25/08/17 13:49:39 INFO BlockManager: Found block rdd_6_46 locally
25/08/17 13:49:39 INFO BlockManager: Found block rdd_6_48 locally
25/08/17 13:49:39 INFO BlockManager: Found block rdd_6_23 locally
25/08/17 13:49:39 INFO BlockManager: Found block rdd_6_10 locally
25/08/17 13:49:39 INFO BlockManager: Found block rdd_6_20 locally
25/08/17 13:49:39 INFO BlockManager: Found block rdd_6_58 locally
25/08/17 13:49:39 INFO BlockManager: Found block rdd_6_57 locally
25/08/17 13:49:39 INFO BlockManager: Found block rdd_6_7 locally
25/08/17 13:49:39 INFO BlockManager: Found block rdd_6_47 locally
25/08/17 13:49:39 INFO BlockManager: Found block rdd_6_60 locally
25/08/17 13:49:39 INFO BlockManager: Found block rdd_6_61 locally
25/08/17 13:49:39 INFO BlockManager: Found block rdd_6_49 locally
25/08/17 13:49:39 INFO BlockManager: Found block rdd_6_6 locally
25/08/17 13:49:39 INFO BlockManager: Found block rdd_6_45 locally
25/08/17 13:49:39 INFO BlockManager: Found block rdd_6_38 locally
25/08/17 13:49:39 INFO BlockManager: Found block rdd_6_55 locally
25/08/17 13:49:39 INFO BlockManager: Found block rdd_6_39 locally
25/08/17 13:49:39 INFO BlockManager: Found block rdd_6_50 locally
25/08/17 13:49:39 INFO BlockManager: Found block rdd_6_54 locally
25/08/17 13:49:39 INFO BlockManager: Found block rdd_6_63 locally
25/08/17 13:49:39 INFO BlockManager: Found block rdd_6_44 locally
25/08/17 13:49:39 INFO BlockManager: Found block rdd_6_41 locally
25/08/17 13:49:39 INFO BlockManager: Found block rdd_6_31 locally
25/08/17 13:49:39 INFO BlockManager: Found block rdd_6_29 locally
25/08/17 13:49:39 INFO BlockManager: Found block rdd_6_43 locally
25/08/17 13:49:39 INFO BlockManager: Found block rdd_6_24 locally
25/08/17 13:49:39 INFO BlockManager: Found block rdd_6_36 locally
25/08/17 13:49:39 INFO BlockManager: Found block rdd_6_52 locally
25/08/17 13:49:39 INFO BlockManager: Found block rdd_6_30 locally
25/08/17 13:49:39 INFO BlockManager: Found block rdd_6_33 locally
25/08/17 13:49:39 INFO BlockManager: Found block rdd_6_37 locally
25/08/17 13:49:39 INFO GpuMergeAggregateIterator: The reduction ratio in first pass is not high enough to skip second and third pass aggregation: peek.numRows: 495, localInputRowsCount.value: 46875
25/08/17 13:49:39 INFO GpuMergeAggregateIterator: The reduction ratio in first pass is not high enough to skip second and third pass aggregation: peek.numRows: 492, localInputRowsCount.value: 46875
25/08/17 13:49:39 INFO GpuMergeAggregateIterator: The reduction ratio in first pass is not high enough to skip second and third pass aggregation: peek.numRows: 496, localInputRowsCount.value: 46875
25/08/17 13:49:39 INFO GpuMergeAggregateIterator: The reduction ratio in first pass is not high enough to skip second and third pass aggregation: peek.numRows: 495, localInputRowsCount.value: 46875
25/08/17 13:49:39 INFO Executor: Finished task 13.0 in stage 5.0 (TID 143). 7722 bytes result sent to driver
25/08/17 13:49:39 INFO TaskSetManager: Finished task 13.0 in stage 5.0 (TID 143) in 352 ms on c471eff09fbd (executor driver) (1/64)
25/08/17 13:49:39 INFO Executor: Finished task 0.0 in stage 5.0 (TID 130). 7722 bytes result sent to driver
25/08/17 13:49:39 INFO TaskSetManager: Finished task 0.0 in stage 5.0 (TID 130) in 451 ms on c471eff09fbd (executor driver) (2/64)
25/08/17 13:49:39 INFO Executor: Finished task 3.0 in stage 5.0 (TID 133). 7722 bytes result sent to driver
25/08/17 13:49:39 INFO TaskSetManager: Finished task 3.0 in stage 5.0 (TID 133) in 455 ms on c471eff09fbd (executor driver) (3/64)
25/08/17 13:49:39 INFO Executor: Finished task 9.0 in stage 5.0 (TID 139). 7722 bytes result sent to driver
25/08/17 13:49:39 INFO TaskSetManager: Finished task 9.0 in stage 5.0 (TID 139) in 507 ms on c471eff09fbd (executor driver) (4/64)
25/08/17 13:49:39 INFO GpuMergeAggregateIterator: The reduction ratio in first pass is not high enough to skip second and third pass aggregation: peek.numRows: 496, localInputRowsCount.value: 46875
25/08/17 13:49:39 INFO GpuMergeAggregateIterator: The reduction ratio in first pass is not high enough to skip second and third pass aggregation: peek.numRows: 496, localInputRowsCount.value: 46875
25/08/17 13:49:39 INFO GpuMergeAggregateIterator: The reduction ratio in first pass is not high enough to skip second and third pass aggregation: peek.numRows: 495, localInputRowsCount.value: 46875
25/08/17 13:49:39 INFO GpuMergeAggregateIterator: The reduction ratio in first pass is not high enough to skip second and third pass aggregation: peek.numRows: 498, localInputRowsCount.value: 46875
25/08/17 13:49:39 INFO GpuMergeAggregateIterator: The reduction ratio in first pass is not high enough to skip second and third pass aggregation: peek.numRows: 497, localInputRowsCount.value: 46875
25/08/17 13:49:39 INFO GpuMergeAggregateIterator: The reduction ratio in first pass is not high enough to skip second and third pass aggregation: peek.numRows: 494, localInputRowsCount.value: 46875
25/08/17 13:49:39 INFO GpuMergeAggregateIterator: The reduction ratio in first pass is not high enough to skip second and third pass aggregation: peek.numRows: 494, localInputRowsCount.value: 46875
25/08/17 13:49:39 INFO GpuMergeAggregateIterator: The reduction ratio in first pass is not high enough to skip second and third pass aggregation: peek.numRows: 496, localInputRowsCount.value: 46875
25/08/17 13:49:39 INFO GpuMergeAggregateIterator: The reduction ratio in first pass is not high enough to skip second and third pass aggregation: peek.numRows: 496, localInputRowsCount.value: 46875
25/08/17 13:49:39 INFO GpuMergeAggregateIterator: The reduction ratio in first pass is not high enough to skip second and third pass aggregation: peek.numRows: 496, localInputRowsCount.value: 46875
25/08/17 13:49:39 INFO GpuMergeAggregateIterator: The reduction ratio in first pass is not high enough to skip second and third pass aggregation: peek.numRows: 494, localInputRowsCount.value: 46875
25/08/17 13:49:39 INFO GpuMergeAggregateIterator: The reduction ratio in first pass is not high enough to skip second and third pass aggregation: peek.numRows: 493, localInputRowsCount.value: 46875
25/08/17 13:49:39 INFO GpuMergeAggregateIterator: The reduction ratio in first pass is not high enough to skip second and third pass aggregation: peek.numRows: 496, localInputRowsCount.value: 46875
25/08/17 13:49:39 INFO GpuMergeAggregateIterator: The reduction ratio in first pass is not high enough to skip second and third pass aggregation: peek.numRows: 496, localInputRowsCount.value: 46875
25/08/17 13:49:39 INFO Executor: Finished task 4.0 in stage 5.0 (TID 134). 7722 bytes result sent to driver
25/08/17 13:49:39 INFO TaskSetManager: Finished task 4.0 in stage 5.0 (TID 134) in 781 ms on c471eff09fbd (executor driver) (5/64)
25/08/17 13:49:39 INFO GpuMergeAggregateIterator: The reduction ratio in first pass is not high enough to skip second and third pass aggregation: peek.numRows: 497, localInputRowsCount.value: 46875
25/08/17 13:49:39 INFO GpuMergeAggregateIterator: The reduction ratio in first pass is not high enough to skip second and third pass aggregation: peek.numRows: 494, localInputRowsCount.value: 46875
25/08/17 13:49:40 INFO BlockManagerInfo: Removed broadcast_4_piece0 on c471eff09fbd:36195 in memory (size: 25.4 KiB, free: 373.7 MiB)
25/08/17 13:49:40 INFO BlockManagerInfo: Removed broadcast_3_piece0 on c471eff09fbd:36195 in memory (size: 21.2 KiB, free: 373.7 MiB)
25/08/17 13:49:40 INFO GpuMergeAggregateIterator: The reduction ratio in first pass is not high enough to skip second and third pass aggregation: peek.numRows: 493, localInputRowsCount.value: 46875
25/08/17 13:49:40 INFO Executor: Finished task 5.0 in stage 5.0 (TID 135). 7765 bytes result sent to driver
25/08/17 13:49:40 INFO TaskSetManager: Finished task 5.0 in stage 5.0 (TID 135) in 1251 ms on c471eff09fbd (executor driver) (6/64)
25/08/17 13:49:40 INFO GpuMergeAggregateIterator: The reduction ratio in first pass is not high enough to skip second and third pass aggregation: peek.numRows: 496, localInputRowsCount.value: 46875
25/08/17 13:49:40 INFO Executor: Finished task 23.0 in stage 5.0 (TID 153). 7765 bytes result sent to driver
25/08/17 13:49:40 INFO TaskSetManager: Finished task 23.0 in stage 5.0 (TID 153) in 1258 ms on c471eff09fbd (executor driver) (7/64)
25/08/17 13:49:40 INFO BlockManagerInfo: Removed broadcast_2_piece0 on c471eff09fbd:36195 in memory (size: 9.2 KiB, free: 373.7 MiB)
25/08/17 13:49:40 INFO Executor: Finished task 25.0 in stage 5.0 (TID 155). 7765 bytes result sent to driver
25/08/17 13:49:40 INFO Executor: Finished task 7.0 in stage 5.0 (TID 137). 7765 bytes result sent to driver
25/08/17 13:49:40 INFO TaskSetManager: Finished task 25.0 in stage 5.0 (TID 155) in 1489 ms on c471eff09fbd (executor driver) (8/64)
25/08/17 13:49:40 INFO TaskSetManager: Finished task 7.0 in stage 5.0 (TID 137) in 1501 ms on c471eff09fbd (executor driver) (9/64)
25/08/17 13:49:40 INFO Executor: Finished task 20.0 in stage 5.0 (TID 150). 7765 bytes result sent to driver
25/08/17 13:49:40 INFO Executor: Finished task 6.0 in stage 5.0 (TID 136). 7765 bytes result sent to driver
25/08/17 13:49:40 INFO TaskSetManager: Finished task 20.0 in stage 5.0 (TID 150) in 1498 ms on c471eff09fbd (executor driver) (10/64)
25/08/17 13:49:40 INFO TaskSetManager: Finished task 6.0 in stage 5.0 (TID 136) in 1506 ms on c471eff09fbd (executor driver) (11/64)
25/08/17 13:49:40 INFO Executor: Finished task 2.0 in stage 5.0 (TID 132). 7765 bytes result sent to driver
25/08/17 13:49:40 INFO TaskSetManager: Finished task 2.0 in stage 5.0 (TID 132) in 1616 ms on c471eff09fbd (executor driver) (12/64)
25/08/17 13:49:40 INFO GpuMergeAggregateIterator: The reduction ratio in first pass is not high enough to skip second and third pass aggregation: peek.numRows: 492, localInputRowsCount.value: 46875
25/08/17 13:49:40 INFO Executor: Finished task 10.0 in stage 5.0 (TID 140). 7722 bytes result sent to driver
25/08/17 13:49:40 INFO Executor: Finished task 17.0 in stage 5.0 (TID 147). 7722 bytes result sent to driver
25/08/17 13:49:40 INFO GpuMergeAggregateIterator: The reduction ratio in first pass is not high enough to skip second and third pass aggregation: peek.numRows: 495, localInputRowsCount.value: 46875
25/08/17 13:49:40 INFO TaskSetManager: Finished task 10.0 in stage 5.0 (TID 140) in 1632 ms on c471eff09fbd (executor driver) (13/64)
25/08/17 13:49:40 INFO TaskSetManager: Finished task 17.0 in stage 5.0 (TID 147) in 1629 ms on c471eff09fbd (executor driver) (14/64)
25/08/17 13:49:40 INFO Executor: Finished task 11.0 in stage 5.0 (TID 141). 7722 bytes result sent to driver
25/08/17 13:49:40 INFO TaskSetManager: Finished task 11.0 in stage 5.0 (TID 141) in 1663 ms on c471eff09fbd (executor driver) (15/64)
25/08/17 13:49:40 INFO Executor: Finished task 14.0 in stage 5.0 (TID 144). 7722 bytes result sent to driver
25/08/17 13:49:40 INFO TaskSetManager: Finished task 14.0 in stage 5.0 (TID 144) in 1666 ms on c471eff09fbd (executor driver) (16/64)
25/08/17 13:49:40 INFO GpuMergeAggregateIterator: The reduction ratio in first pass is not high enough to skip second and third pass aggregation: peek.numRows: 494, localInputRowsCount.value: 46875
25/08/17 13:49:40 INFO GpuMergeAggregateIterator: The reduction ratio in first pass is not high enough to skip second and third pass aggregation: peek.numRows: 496, localInputRowsCount.value: 46875
25/08/17 13:49:40 INFO GpuMergeAggregateIterator: The reduction ratio in first pass is not high enough to skip second and third pass aggregation: peek.numRows: 497, localInputRowsCount.value: 46875
25/08/17 13:49:40 INFO GpuMergeAggregateIterator: The reduction ratio in first pass is not high enough to skip second and third pass aggregation: peek.numRows: 497, localInputRowsCount.value: 46875
25/08/17 13:49:40 INFO Executor: Finished task 32.0 in stage 5.0 (TID 162). 7765 bytes result sent to driver
25/08/17 13:49:40 INFO TaskSetManager: Finished task 32.0 in stage 5.0 (TID 162) in 1680 ms on c471eff09fbd (executor driver) (17/64)
25/08/17 13:49:40 INFO GpuMergeAggregateIterator: The reduction ratio in first pass is not high enough to skip second and third pass aggregation: peek.numRows: 496, localInputRowsCount.value: 46875
25/08/17 13:49:40 INFO GpuMergeAggregateIterator: The reduction ratio in first pass is not high enough to skip second and third pass aggregation: peek.numRows: 491, localInputRowsCount.value: 46875
25/08/17 13:49:40 INFO GpuMergeAggregateIterator: The reduction ratio in first pass is not high enough to skip second and third pass aggregation: peek.numRows: 494, localInputRowsCount.value: 46875
25/08/17 13:49:40 INFO GpuMergeAggregateIterator: The reduction ratio in first pass is not high enough to skip second and third pass aggregation: peek.numRows: 494, localInputRowsCount.value: 46875
25/08/17 13:49:40 INFO GpuMergeAggregateIterator: The reduction ratio in first pass is not high enough to skip second and third pass aggregation: peek.numRows: 496, localInputRowsCount.value: 46875
25/08/17 13:49:40 INFO GpuMergeAggregateIterator: The reduction ratio in first pass is not high enough to skip second and third pass aggregation: peek.numRows: 495, localInputRowsCount.value: 46875
25/08/17 13:49:40 INFO Executor: Finished task 1.0 in stage 5.0 (TID 131). 7722 bytes result sent to driver
25/08/17 13:49:40 INFO GpuMergeAggregateIterator: The reduction ratio in first pass is not high enough to skip second and third pass aggregation: peek.numRows: 495, localInputRowsCount.value: 46875
25/08/17 13:49:40 INFO GpuMergeAggregateIterator: The reduction ratio in first pass is not high enough to skip second and third pass aggregation: peek.numRows: 493, localInputRowsCount.value: 46875
25/08/17 13:49:40 INFO TaskSetManager: Finished task 1.0 in stage 5.0 (TID 131) in 1751 ms on c471eff09fbd (executor driver) (18/64)
25/08/17 13:49:40 INFO GpuMergeAggregateIterator: The reduction ratio in first pass is not high enough to skip second and third pass aggregation: peek.numRows: 493, localInputRowsCount.value: 46875
25/08/17 13:49:40 INFO GpuMergeAggregateIterator: The reduction ratio in first pass is not high enough to skip second and third pass aggregation: peek.numRows: 492, localInputRowsCount.value: 46875
25/08/17 13:49:40 INFO GpuMergeAggregateIterator: The reduction ratio in first pass is not high enough to skip second and third pass aggregation: peek.numRows: 495, localInputRowsCount.value: 46875
25/08/17 13:49:40 INFO GpuMergeAggregateIterator: The reduction ratio in first pass is not high enough to skip second and third pass aggregation: peek.numRows: 494, localInputRowsCount.value: 46875
25/08/17 13:49:40 INFO GpuMergeAggregateIterator: The reduction ratio in first pass is not high enough to skip second and third pass aggregation: peek.numRows: 497, localInputRowsCount.value: 46875
25/08/17 13:49:40 INFO GpuMergeAggregateIterator: The reduction ratio in first pass is not high enough to skip second and third pass aggregation: peek.numRows: 494, localInputRowsCount.value: 46875
25/08/17 13:49:40 INFO GpuMergeAggregateIterator: The reduction ratio in first pass is not high enough to skip second and third pass aggregation: peek.numRows: 497, localInputRowsCount.value: 46875
25/08/17 13:49:40 INFO GpuMergeAggregateIterator: The reduction ratio in first pass is not high enough to skip second and third pass aggregation: peek.numRows: 495, localInputRowsCount.value: 46875
25/08/17 13:49:40 INFO GpuMergeAggregateIterator: The reduction ratio in first pass is not high enough to skip second and third pass aggregation: peek.numRows: 496, localInputRowsCount.value: 46875
25/08/17 13:49:40 INFO GpuMergeAggregateIterator: The reduction ratio in first pass is not high enough to skip second and third pass aggregation: peek.numRows: 494, localInputRowsCount.value: 46875
25/08/17 13:49:40 INFO GpuMergeAggregateIterator: The reduction ratio in first pass is not high enough to skip second and third pass aggregation: peek.numRows: 497, localInputRowsCount.value: 46875
25/08/17 13:49:40 INFO GpuMergeAggregateIterator: The reduction ratio in first pass is not high enough to skip second and third pass aggregation: peek.numRows: 495, localInputRowsCount.value: 46875
25/08/17 13:49:40 INFO GpuMergeAggregateIterator: The reduction ratio in first pass is not high enough to skip second and third pass aggregation: peek.numRows: 495, localInputRowsCount.value: 46875
25/08/17 13:49:40 INFO Executor: Finished task 40.0 in stage 5.0 (TID 170). 7722 bytes result sent to driver
25/08/17 13:49:40 INFO GpuMergeAggregateIterator: The reduction ratio in first pass is not high enough to skip second and third pass aggregation: peek.numRows: 493, localInputRowsCount.value: 46875
25/08/17 13:49:40 INFO TaskSetManager: Finished task 40.0 in stage 5.0 (TID 170) in 1745 ms on c471eff09fbd (executor driver) (19/64)
25/08/17 13:49:40 INFO GpuMergeAggregateIterator: The reduction ratio in first pass is not high enough to skip second and third pass aggregation: peek.numRows: 493, localInputRowsCount.value: 46875
25/08/17 13:49:40 INFO GpuMergeAggregateIterator: The reduction ratio in first pass is not high enough to skip second and third pass aggregation: peek.numRows: 495, localInputRowsCount.value: 46875
25/08/17 13:49:40 INFO Executor: Finished task 8.0 in stage 5.0 (TID 138). 7722 bytes result sent to driver
25/08/17 13:49:40 INFO TaskSetManager: Finished task 8.0 in stage 5.0 (TID 138) in 1776 ms on c471eff09fbd (executor driver) (20/64)
25/08/17 13:49:40 INFO GpuMergeAggregateIterator: The reduction ratio in first pass is not high enough to skip second and third pass aggregation: peek.numRows: 496, localInputRowsCount.value: 46875
25/08/17 13:49:40 INFO GpuMergeAggregateIterator: The reduction ratio in first pass is not high enough to skip second and third pass aggregation: peek.numRows: 493, localInputRowsCount.value: 46875
25/08/17 13:49:40 INFO GpuMergeAggregateIterator: The reduction ratio in first pass is not high enough to skip second and third pass aggregation: peek.numRows: 493, localInputRowsCount.value: 46875
25/08/17 13:49:40 INFO GpuMergeAggregateIterator: The reduction ratio in first pass is not high enough to skip second and third pass aggregation: peek.numRows: 497, localInputRowsCount.value: 46875
25/08/17 13:49:40 INFO GpuMergeAggregateIterator: The reduction ratio in first pass is not high enough to skip second and third pass aggregation: peek.numRows: 491, localInputRowsCount.value: 46875
25/08/17 13:49:40 INFO GpuMergeAggregateIterator: The reduction ratio in first pass is not high enough to skip second and third pass aggregation: peek.numRows: 494, localInputRowsCount.value: 46875
25/08/17 13:49:40 INFO GpuMergeAggregateIterator: The reduction ratio in first pass is not high enough to skip second and third pass aggregation: peek.numRows: 495, localInputRowsCount.value: 46875
25/08/17 13:49:40 INFO GpuMergeAggregateIterator: The reduction ratio in first pass is not high enough to skip second and third pass aggregation: peek.numRows: 493, localInputRowsCount.value: 46875
25/08/17 13:49:40 INFO Executor: Finished task 16.0 in stage 5.0 (TID 146). 7765 bytes result sent to driver
25/08/17 13:49:40 INFO GpuMergeAggregateIterator: The reduction ratio in first pass is not high enough to skip second and third pass aggregation: peek.numRows: 495, localInputRowsCount.value: 46875
25/08/17 13:49:40 INFO TaskSetManager: Finished task 16.0 in stage 5.0 (TID 146) in 1796 ms on c471eff09fbd (executor driver) (21/64)
25/08/17 13:49:40 INFO GpuMergeAggregateIterator: The reduction ratio in first pass is not high enough to skip second and third pass aggregation: peek.numRows: 491, localInputRowsCount.value: 46875
25/08/17 13:49:40 INFO Executor: Finished task 15.0 in stage 5.0 (TID 145). 7765 bytes result sent to driver
25/08/17 13:49:40 INFO TaskSetManager: Finished task 15.0 in stage 5.0 (TID 145) in 1820 ms on c471eff09fbd (executor driver) (22/64)
25/08/17 13:49:40 INFO GpuMergeAggregateIterator: The reduction ratio in first pass is not high enough to skip second and third pass aggregation: peek.numRows: 496, localInputRowsCount.value: 46875
25/08/17 13:49:40 INFO GpuMergeAggregateIterator: The reduction ratio in first pass is not high enough to skip second and third pass aggregation: peek.numRows: 496, localInputRowsCount.value: 46875
25/08/17 13:49:41 INFO Executor: Finished task 37.0 in stage 5.0 (TID 167). 7722 bytes result sent to driver
25/08/17 13:49:41 INFO TaskSetManager: Finished task 37.0 in stage 5.0 (TID 167) in 1986 ms on c471eff09fbd (executor driver) (23/64)
25/08/17 13:49:41 INFO Executor: Finished task 31.0 in stage 5.0 (TID 161). 7722 bytes result sent to driver
25/08/17 13:49:41 INFO TaskSetManager: Finished task 31.0 in stage 5.0 (TID 161) in 2003 ms on c471eff09fbd (executor driver) (24/64)
25/08/17 13:49:41 INFO Executor: Finished task 58.0 in stage 5.0 (TID 188). 7722 bytes result sent to driver
25/08/17 13:49:41 INFO TaskSetManager: Finished task 58.0 in stage 5.0 (TID 188) in 1989 ms on c471eff09fbd (executor driver) (25/64)
25/08/17 13:49:41 INFO Executor: Finished task 55.0 in stage 5.0 (TID 185). 7722 bytes result sent to driver
25/08/17 13:49:41 INFO TaskSetManager: Finished task 55.0 in stage 5.0 (TID 185) in 1994 ms on c471eff09fbd (executor driver) (26/64)
25/08/17 13:49:41 INFO Executor: Finished task 27.0 in stage 5.0 (TID 157). 7722 bytes result sent to driver
25/08/17 13:49:41 INFO TaskSetManager: Finished task 27.0 in stage 5.0 (TID 157) in 2200 ms on c471eff09fbd (executor driver) (27/64)
25/08/17 13:49:41 INFO Executor: Finished task 19.0 in stage 5.0 (TID 149). 7722 bytes result sent to driver
25/08/17 13:49:41 INFO Executor: Finished task 47.0 in stage 5.0 (TID 177). 7722 bytes result sent to driver
25/08/17 13:49:41 INFO TaskSetManager: Finished task 19.0 in stage 5.0 (TID 149) in 2321 ms on c471eff09fbd (executor driver) (28/64)
25/08/17 13:49:41 INFO TaskSetManager: Finished task 47.0 in stage 5.0 (TID 177) in 2305 ms on c471eff09fbd (executor driver) (29/64)
25/08/17 13:49:41 INFO Executor: Finished task 45.0 in stage 5.0 (TID 175). 7722 bytes result sent to driver
25/08/17 13:49:41 INFO Executor: Finished task 57.0 in stage 5.0 (TID 187). 7722 bytes result sent to driver
25/08/17 13:49:41 INFO TaskSetManager: Finished task 57.0 in stage 5.0 (TID 187) in 2316 ms on c471eff09fbd (executor driver) (30/64)
25/08/17 13:49:41 INFO TaskSetManager: Finished task 45.0 in stage 5.0 (TID 175) in 2324 ms on c471eff09fbd (executor driver) (31/64)
25/08/17 13:49:41 INFO Executor: Finished task 49.0 in stage 5.0 (TID 179). 7722 bytes result sent to driver
25/08/17 13:49:41 INFO TaskSetManager: Finished task 49.0 in stage 5.0 (TID 179) in 2325 ms on c471eff09fbd (executor driver) (32/64)
25/08/17 13:49:41 INFO Executor: Finished task 60.0 in stage 5.0 (TID 190). 7722 bytes result sent to driver
25/08/17 13:49:41 INFO TaskSetManager: Finished task 60.0 in stage 5.0 (TID 190) in 2328 ms on c471eff09fbd (executor driver) (33/64)
25/08/17 13:49:41 INFO Executor: Finished task 61.0 in stage 5.0 (TID 191). 7722 bytes result sent to driver
25/08/17 13:49:41 INFO TaskSetManager: Finished task 61.0 in stage 5.0 (TID 191) in 2341 ms on c471eff09fbd (executor driver) (34/64)
25/08/17 13:49:41 INFO Executor: Finished task 30.0 in stage 5.0 (TID 160). 7722 bytes result sent to driver
25/08/17 13:49:41 INFO TaskSetManager: Finished task 30.0 in stage 5.0 (TID 160) in 2374 ms on c471eff09fbd (executor driver) (35/64)
25/08/17 13:49:41 INFO Executor: Finished task 56.0 in stage 5.0 (TID 186). 7722 bytes result sent to driver
25/08/17 13:49:41 INFO Executor: Finished task 28.0 in stage 5.0 (TID 158). 7722 bytes result sent to driver
25/08/17 13:49:41 INFO TaskSetManager: Finished task 28.0 in stage 5.0 (TID 158) in 2394 ms on c471eff09fbd (executor driver) (36/64)
25/08/17 13:49:41 INFO TaskSetManager: Finished task 56.0 in stage 5.0 (TID 186) in 2377 ms on c471eff09fbd (executor driver) (37/64)
25/08/17 13:49:41 INFO Executor: Finished task 26.0 in stage 5.0 (TID 156). 7722 bytes result sent to driver
25/08/17 13:49:41 INFO Executor: Finished task 42.0 in stage 5.0 (TID 172). 7722 bytes result sent to driver
25/08/17 13:49:41 INFO Executor: Finished task 63.0 in stage 5.0 (TID 193). 7722 bytes result sent to driver
25/08/17 13:49:41 INFO TaskSetManager: Finished task 63.0 in stage 5.0 (TID 193) in 2431 ms on c471eff09fbd (executor driver) (38/64)
25/08/17 13:49:41 INFO TaskSetManager: Finished task 26.0 in stage 5.0 (TID 156) in 2455 ms on c471eff09fbd (executor driver) (39/64)
25/08/17 13:49:41 INFO TaskSetManager: Finished task 42.0 in stage 5.0 (TID 172) in 2446 ms on c471eff09fbd (executor driver) (40/64)
25/08/17 13:49:41 INFO Executor: Finished task 52.0 in stage 5.0 (TID 182). 7722 bytes result sent to driver
25/08/17 13:49:41 INFO Executor: Finished task 59.0 in stage 5.0 (TID 189). 7765 bytes result sent to driver
25/08/17 13:49:41 INFO Executor: Finished task 34.0 in stage 5.0 (TID 164). 7765 bytes result sent to driver
25/08/17 13:49:41 INFO Executor: Finished task 50.0 in stage 5.0 (TID 180). 7722 bytes result sent to driver
25/08/17 13:49:41 INFO TaskSetManager: Finished task 52.0 in stage 5.0 (TID 182) in 2453 ms on c471eff09fbd (executor driver) (41/64)
25/08/17 13:49:41 INFO Executor: Finished task 39.0 in stage 5.0 (TID 169). 7722 bytes result sent to driver
25/08/17 13:49:41 INFO Executor: Finished task 44.0 in stage 5.0 (TID 174). 7722 bytes result sent to driver
25/08/17 13:49:41 INFO Executor: Finished task 48.0 in stage 5.0 (TID 178). 7722 bytes result sent to driver
25/08/17 13:49:41 INFO TaskSetManager: Finished task 59.0 in stage 5.0 (TID 189) in 2455 ms on c471eff09fbd (executor driver) (42/64)
25/08/17 13:49:41 INFO Executor: Finished task 53.0 in stage 5.0 (TID 183). 7722 bytes result sent to driver
25/08/17 13:49:41 INFO Executor: Finished task 22.0 in stage 5.0 (TID 152). 7722 bytes result sent to driver
25/08/17 13:49:41 INFO Executor: Finished task 18.0 in stage 5.0 (TID 148). 7722 bytes result sent to driver
25/08/17 13:49:41 INFO Executor: Finished task 46.0 in stage 5.0 (TID 176). 7722 bytes result sent to driver
25/08/17 13:49:41 INFO TaskSetManager: Finished task 44.0 in stage 5.0 (TID 174) in 2465 ms on c471eff09fbd (executor driver) (43/64)
25/08/17 13:49:41 INFO TaskSetManager: Finished task 39.0 in stage 5.0 (TID 169) in 2469 ms on c471eff09fbd (executor driver) (44/64)
25/08/17 13:49:41 INFO TaskSetManager: Finished task 34.0 in stage 5.0 (TID 164) in 2471 ms on c471eff09fbd (executor driver) (45/64)
25/08/17 13:49:41 INFO TaskSetManager: Finished task 50.0 in stage 5.0 (TID 180) in 2461 ms on c471eff09fbd (executor driver) (46/64)
25/08/17 13:49:41 INFO TaskSetManager: Finished task 53.0 in stage 5.0 (TID 183) in 2460 ms on c471eff09fbd (executor driver) (47/64)
25/08/17 13:49:41 INFO TaskSetManager: Finished task 48.0 in stage 5.0 (TID 178) in 2463 ms on c471eff09fbd (executor driver) (48/64)
25/08/17 13:49:41 INFO Executor: Finished task 29.0 in stage 5.0 (TID 159). 7722 bytes result sent to driver
25/08/17 13:49:41 INFO TaskSetManager: Finished task 46.0 in stage 5.0 (TID 176) in 2465 ms on c471eff09fbd (executor driver) (49/64)
25/08/17 13:49:41 INFO Executor: Finished task 33.0 in stage 5.0 (TID 163). 7722 bytes result sent to driver
25/08/17 13:49:41 INFO TaskSetManager: Finished task 22.0 in stage 5.0 (TID 152) in 2479 ms on c471eff09fbd (executor driver) (50/64)
25/08/17 13:49:41 INFO Executor: Finished task 12.0 in stage 5.0 (TID 142). 7722 bytes result sent to driver
25/08/17 13:49:41 INFO TaskSetManager: Finished task 18.0 in stage 5.0 (TID 148) in 2483 ms on c471eff09fbd (executor driver) (51/64)
25/08/17 13:49:41 INFO Executor: Finished task 54.0 in stage 5.0 (TID 184). 7722 bytes result sent to driver
25/08/17 13:49:41 INFO TaskSetManager: Finished task 29.0 in stage 5.0 (TID 159) in 2477 ms on c471eff09fbd (executor driver) (52/64)
25/08/17 13:49:41 INFO TaskSetManager: Finished task 33.0 in stage 5.0 (TID 163) in 2475 ms on c471eff09fbd (executor driver) (53/64)
25/08/17 13:49:41 INFO Executor: Finished task 36.0 in stage 5.0 (TID 166). 7722 bytes result sent to driver
25/08/17 13:49:41 INFO Executor: Finished task 21.0 in stage 5.0 (TID 151). 7722 bytes result sent to driver
25/08/17 13:49:41 INFO TaskSetManager: Finished task 36.0 in stage 5.0 (TID 166) in 2474 ms on c471eff09fbd (executor driver) (54/64)
25/08/17 13:49:41 INFO TaskSetManager: Finished task 12.0 in stage 5.0 (TID 142) in 2488 ms on c471eff09fbd (executor driver) (55/64)
25/08/17 13:49:41 INFO TaskSetManager: Finished task 21.0 in stage 5.0 (TID 151) in 2484 ms on c471eff09fbd (executor driver) (56/64)
25/08/17 13:49:41 INFO TaskSetManager: Finished task 54.0 in stage 5.0 (TID 184) in 2464 ms on c471eff09fbd (executor driver) (57/64)
25/08/17 13:49:41 INFO Executor: Finished task 38.0 in stage 5.0 (TID 168). 7722 bytes result sent to driver
25/08/17 13:49:41 INFO Executor: Finished task 62.0 in stage 5.0 (TID 192). 7765 bytes result sent to driver
25/08/17 13:49:41 INFO Executor: Finished task 41.0 in stage 5.0 (TID 171). 7722 bytes result sent to driver
25/08/17 13:49:41 INFO Executor: Finished task 51.0 in stage 5.0 (TID 181). 7722 bytes result sent to driver
25/08/17 13:49:41 INFO TaskSetManager: Finished task 38.0 in stage 5.0 (TID 168) in 2476 ms on c471eff09fbd (executor driver) (58/64)
25/08/17 13:49:41 INFO TaskSetManager: Finished task 41.0 in stage 5.0 (TID 171) in 2475 ms on c471eff09fbd (executor driver) (59/64)
25/08/17 13:49:41 INFO TaskSetManager: Finished task 51.0 in stage 5.0 (TID 181) in 2468 ms on c471eff09fbd (executor driver) (60/64)
25/08/17 13:49:41 INFO Executor: Finished task 35.0 in stage 5.0 (TID 165). 7722 bytes result sent to driver
25/08/17 13:49:41 INFO TaskSetManager: Finished task 62.0 in stage 5.0 (TID 192) in 2462 ms on c471eff09fbd (executor driver) (61/64)
25/08/17 13:49:41 INFO Executor: Finished task 43.0 in stage 5.0 (TID 173). 7722 bytes result sent to driver
25/08/17 13:49:41 INFO Executor: Finished task 24.0 in stage 5.0 (TID 154). 7722 bytes result sent to driver
25/08/17 13:49:41 INFO TaskSetManager: Finished task 43.0 in stage 5.0 (TID 173) in 2475 ms on c471eff09fbd (executor driver) (62/64)
25/08/17 13:49:41 INFO TaskSetManager: Finished task 35.0 in stage 5.0 (TID 165) in 2481 ms on c471eff09fbd (executor driver) (63/64)
25/08/17 13:49:41 INFO TaskSetManager: Finished task 24.0 in stage 5.0 (TID 154) in 2487 ms on c471eff09fbd (executor driver) (64/64)
25/08/17 13:49:41 INFO TaskSchedulerImpl: Removed TaskSet 5.0, whose tasks have all completed, from pool 
25/08/17 13:49:41 INFO DAGScheduler: ShuffleMapStage 5 (submitShuffleJob$ at GpuShuffleExchangeExec.scala:56) finished in 2.515 s
25/08/17 13:49:41 INFO DAGScheduler: looking for newly runnable stages
25/08/17 13:49:41 INFO DAGScheduler: running: Set()
25/08/17 13:49:41 INFO DAGScheduler: waiting: Set()
25/08/17 13:49:41 INFO DAGScheduler: failed: Set()
25/08/17 13:49:41 INFO GpuOverrides: Plan conversion to the GPU took 2.80 ms
25/08/17 13:49:41 INFO ShufflePartitionsUtil: For shuffle(1), advisory target size: 67108864, actual target size 1048576, minimum partition size: 1048576
25/08/17 13:49:41 INFO GpuOverrides: Plan conversion to the GPU took 6.53 ms
25/08/17 13:49:41 INFO GpuOverrides: GPU plan transition optimization took 1.21 ms
25/08/17 13:49:41 INFO SparkContext: Starting job: collect at RapidsCacheAnalysisDemo.scala:65
25/08/17 13:49:41 INFO DAGScheduler: Got job 5 (collect at RapidsCacheAnalysisDemo.scala:65) with 1 output partitions
25/08/17 13:49:41 INFO DAGScheduler: Final stage: ResultStage 7 (collect at RapidsCacheAnalysisDemo.scala:65)
25/08/17 13:49:41 INFO DAGScheduler: Parents of final stage: List(ShuffleMapStage 6)
25/08/17 13:49:41 INFO DAGScheduler: Missing parents: List()
25/08/17 13:49:41 INFO DAGScheduler: Submitting ResultStage 7 (MapPartitionsRDD[41] at collect at RapidsCacheAnalysisDemo.scala:65), which has no missing parents
25/08/17 13:49:41 INFO MemoryStore: Block broadcast_6 stored as values in memory (estimated size 58.1 KiB, free 373.4 MiB)
25/08/17 13:49:41 INFO MemoryStore: Block broadcast_6_piece0 stored as bytes in memory (estimated size 27.2 KiB, free 373.4 MiB)
25/08/17 13:49:41 INFO BlockManagerInfo: Added broadcast_6_piece0 in memory on c471eff09fbd:36195 (size: 27.2 KiB, free: 373.7 MiB)
25/08/17 13:49:41 INFO SparkContext: Created broadcast 6 from broadcast at DAGScheduler.scala:1611
25/08/17 13:49:41 INFO DAGScheduler: Submitting 1 missing tasks from ResultStage 7 (MapPartitionsRDD[41] at collect at RapidsCacheAnalysisDemo.scala:65) (first 15 tasks are for partitions Vector(0))
25/08/17 13:49:41 INFO TaskSchedulerImpl: Adding task set 7.0 with 1 tasks resource profile 0
25/08/17 13:49:41 INFO TaskSetManager: Starting task 0.0 in stage 7.0 (TID 194) (c471eff09fbd, executor driver, partition 0, NODE_LOCAL, 9452 bytes) 
25/08/17 13:49:41 INFO Executor: Running task 0.0 in stage 7.0 (TID 194)
25/08/17 13:49:41 INFO SparkResourceAdaptor: startDedicatedTaskThread: threadId: 140413224613440, task id: 194
25/08/17 13:49:41 INFO ShuffleBlockFetcherIterator: Getting 64 (1397.7 KiB) non-empty blocks including 64 (1397.7 KiB) local and 0 (0.0 B) host-local and 0 (0.0 B) push-merged-local and 0 (0.0 B) remote blocks
25/08/17 13:49:41 INFO ShuffleBlockFetcherIterator: Started 0 remote fetches in 28 ms
25/08/17 13:49:41 INFO CodeGenerator: Code generated in 29.288617 ms
25/08/17 13:49:42 INFO Executor: Finished task 0.0 in stage 7.0 (TID 194). 15249 bytes result sent to driver
25/08/17 13:49:42 INFO TaskSetManager: Finished task 0.0 in stage 7.0 (TID 194) in 709 ms on c471eff09fbd (executor driver) (1/1)
25/08/17 13:49:42 INFO TaskSchedulerImpl: Removed TaskSet 7.0, whose tasks have all completed, from pool 
25/08/17 13:49:42 INFO DAGScheduler: ResultStage 7 (collect at RapidsCacheAnalysisDemo.scala:65) finished in 0.725 s
25/08/17 13:49:42 INFO DAGScheduler: Job 5 is finished. Cancelling potential speculative or zombie tasks for this job
25/08/17 13:49:42 INFO TaskSchedulerImpl: Killing all running tasks in stage 7: Stage finished
25/08/17 13:49:42 INFO DAGScheduler: Job 5 finished: collect at RapidsCacheAnalysisDemo.scala:65, took 0.768200 s
25/08/17 13:49:42 INFO CodeGenerator: Code generated in 47.294737 ms
25/08/17 13:49:42 INFO MapPartitionsRDD: Removing RDD 6 from persistence list
25/08/17 13:49:42 INFO BlockManager: Removing RDD 6
25/08/17 13:49:42 INFO SparkContext: SparkContext is stopping with exitCode 0.
25/08/17 13:49:42 INFO AbstractConnector: Stopped Spark@48a7d756{HTTP/1.1, (http/1.1)}{0.0.0.0:4040}
25/08/17 13:49:42 INFO SparkUI: Stopped Spark web UI at http://c471eff09fbd:4040
25/08/17 13:49:42 INFO MapOutputTrackerMasterEndpoint: MapOutputTrackerMasterEndpoint stopped!
25/08/17 13:49:42 INFO MemoryStore: MemoryStore cleared
25/08/17 13:49:42 INFO BlockManager: BlockManager stopped
25/08/17 13:49:42 INFO BlockManagerMaster: BlockManagerMaster stopped
25/08/17 13:49:42 INFO OutputCommitCoordinator$OutputCommitCoordinatorEndpoint: OutputCommitCoordinator stopped!
25/08/17 13:49:43 INFO AwsStorageExecutorPlugin: Shutting down S3 Plugin ... 
25/08/17 13:49:43 INFO SparkContext: Successfully stopped SparkContext
25/08/17 13:49:43 INFO FileCacheLocalDirsManager: Shutdown hook called
25/08/17 13:49:43 INFO ShimDiskBlockManager: Shutdown hook called
25/08/17 13:49:43 INFO ShutdownHookManager: Shutdown hook called
25/08/17 13:49:43 INFO Shu